deddot	tynges ned
deddot	ha mareritt
deddohallat	ha mareritt
divaštallat	diskutere
suohpalastit	koste
čoalkkuhit	banke på
riežádit	hyle opp
rádnát	se grå ut
ruoksát	se rød ut
vielgát	se hvit ut
oahpistit	vise veg
oahpistit	guide
ofelastit	vise veg
ofelastit	guide
dihkkadit	bringe med seg lus
dihkkat	få lus
dihkket	lyske
dihkket	avluse
čalmmustit	synliggjøre
molsašuddat	bli forandret
njoammudit	få sykdom til å smitte
ránodit	gråne
ránodit	lysne av dag
sahkkehit	befrukte
reastaluvvat	gå konkurs
lášmmohallat	gjøre gymnastikk
vuojadit	svømme
vuojadit	bade
válbmet	gjøre ferdig
smáhkohallat	holde på å smake
gollát	være gyllen
soaiggáhallat	holde på å gyse
stresset	stresse
guoskkaldahttit	forsiktig berøre
lovttohallat	løfte
bárvvastit	bølge seg
skužistit	fnise
lieđđut	blomstre
ballástallat	bli litt redd flere ganger
cipmastit	klemme litt
dihraidit	sitre
dihraidit	skake
faŋádit	strekke seg etter noe
guođđilit	forlate
guođđilit	etterlate
reaškkihit	få til å le
ovdošit	forutse
seavvilit	vinke
šlieddát	ligge slapp
šlieddát	være dorsk eller døsig
muohtahuvvat	få snø på seg
varahuvvat	bli blodig
varahuvvat	bli blodfattig
áicát	oppdage
áhcagahttit	få til å gløde
šluvggašit	holde på å slenge med noe
čusket	springe av sted
šuohkihit	sukke plutselig eller en gang
čohkkádit	sitte
šealgut	glitre
váivvidit	plage
váivvidit	bry med
vikkahit	forsøke
vikkahit	prøve å få til noe
smiehtadit	tenke
smiehtadit	gruble
skurdnját	være motløs
skurdnját	surmule
skunjihit	knise plutselig en gang
skirvehallat	sveve
skirvehallat	slenges til siden
savkkástallat	hviske
ráhket	barbere
ráfehuhttit	forstyrre
ráfehuhttit	sjenere
ritnut	bli belagt med rim
ravkalit	blinke til noen
rabastit	åpne
rabastit	lukke opp
návehastit	gå i fjøset
njávggádit	holde på å mjaue
njáhkalit	liste seg fram
njáhkalit	lure seg inn på
njivlut	slimes til
njivlut	få på grønske
muhttit	forandre
muhkut	raute
moddjet	smile en gang
mieiggastit	lene
mieiggastit	støtte seg til noe
livkkihit	smette forbi eller inn noensteds
lihkastit	bevege
lihkastit	røre
liekkihit	plutselig kjennes varm
káfestallat	holde kaffepause
jáhkihit	få til å tro
jorgalahttit	vende om
jorbbodit	bli forvirret
jorbbodit	gå seg bort
jorbbodit	avrundes
iđistit	dukke opp plutselig eller fort
ilosmuvvat	bli glad
hoddet	ha vett til
hoavrrestit	mase
gárrut	få seg til å gjøre noe
guovlalit	titte i all hast
girddihit	stryke av sted
fillehallat	bli forledet
fillehallat	bli narret
duolbmut	tråkke
duolbmut	trø
dorggiidit	bli skjelven
doalahallat	holde igjen
cirgguhit	sprute
bávkalit	smelle
bávkalit	fyre av
báittašit	skinne
báittašit	lyse
borastit	spise
bidjalit	legge
bidjalit	sette
balddáhallat	skremme
baladit	frykte
čiekŋudit	fordype
ráhkkanahttit	utruste
ráhkkanahttit	forberede
cavgilit	tipse
gártet	kartlegge
hásttuhit	oppfordre
hásttuhit	utfordre
deaividit	inntreffe
iskkadit	undersøke
iskkadit	holde på å forsøke
vihkket	veie
studeret	studere
ráhkásmuvvat	forelske seg
ráhkistuvvat	forelske seg
fátmmastit	omfavne
buorrestit	klemme
buorrestit	omfavne
salastit	omfavne
njuorasmuvvat	bli rørt
njuorrasit	bli rørt
lagadit	bringe nærmere
nákcet	greie
ilbmat	utkomme
kommenteret	kommentere
čadnot	knyttes til
garvit	unngå
bajásšaddat	vokse opp
oččodit	prøve å få
vuhttot	spores
doalahit	holde
doalahit	fortsette
doalahit	la være
plánet	planlegge
ovttasbargat	samarbeide
mielddisbuktit	medføre
čuovvolit	følge etter
čuovvolit	følge opp
ovdánahttit	utvikle
finadit	stikke innom
cummástallat	kline
cummástallat	kysse hverandre
buorranaddat	kjærtegne
čalmmustahttit	fokusere på
čalmmustahttit	gjøre synlig
skuvlet	undervise
ruivet	rote
bávččagahttit	bli såret
muittohuvvat	bli glemsk
galjedit	gjøre videre
dubmehallat	bli dømt
jearahit	intervjue
jearahit	spørre
vuorjašuvvat	plages
meinnestuvvat	lykkes
jávohuhttit	få til å tystne
gievrudahttit	gjøre sterk
njuorasmahttit	ydmyke
abbonneret	abonnere
abbrevieret	abbreviere
abdiseret	abdisere
abmet	skrike
abonneret	abonnere
aborteret	abortere
absenteret	absentere
absolveret	absolvere
absorberet	absorbere
abstraheret	abstrahere
adapteret	adaptere
addit	gi
addjot	bli nedsnødd
adhereret	adherere
adjektiveret	adjektivere
adnot	uttømme
adsorberet	adsorbere
adstringeret	adstringere
affekteret	affektere
affikseret	affiksere
affiseret	affisere
afrikaniseret	afrikanisere
ageret	agere
agglutineret	agglutinere
agiteret	agitere
ahcit	flø
ahkiduššat	vantrives
ahtanuššat	utvikle seg
aiddostahttit	presisere
akkederet	akkedere
akklimatiseret	akklimatisere
akkommoderet	akkommodere
akkompagneret	akkompagnere
akkorderet	akkordere
akkrediteret	akkreditere
akkumuleret	akkumulere
akkvireret	akkvirere
akselereret	akselerere
aksentueret	aksentuere
aksepteret	akseptere
aktiviseret	aktivisere
aktualiseret	aktualisere
akšoneret	aksjonere
akšuneret	aksjonere
albmadit	melde til øvrigheten
aldat	våge å nærme seg
alfabehtadit	ordne alfabetisk
alfabetiseret	alfabetisere
alidit	forhøye
alieneret	alienere
alkoholiseret	alkoholisere
allieret	alliere
allittereret	allitterere
allokeret	allokere
almmuhit	publisere
almmuhit	gi ut
almmuhit	deklarere
almmuhit	bekjentgjøre
almmustahttit	avdekke
almmustahttit	utgi
almmáskit	bli snøvær
almmáštaddat	gjøre seg til
altereret	alterere
alterneret	alternere
alumineret	aluminere
amalgameret	amalgamere
ambuleret	ambulere
amerikaniseret	amerikanisere
amortiseret	amortisere
amputeret	amputere
anašit	ha samleie
anglifiseret	anglifisere
angliseret	anglisere
animaliseret	animalisere
animeret	animere
annekteret	annektere
annonseret	annonsere
annulleret	annullere
anodiseret	anodisere
anonymiseret	anonymisere
antedateret	antedatere
apokoperet	apokopere
apostroferet	apostrofere
applauderet	applaudere
applikeret	applikere
appliseret	applisere
apporteret	apportere
approberet	approbere
approprieret	appropriere
apteret	aptere
arkaiseret	arkaisere
arkebuseret	arkebusere
arkiveret	arkivere
armeret	armere
aromatiseret	aromatisere
arrangeret	arrangere
arriveret	arrivere
arronderet	arrondere
artikuleret	artikulere
arvat	våge
arvit	regne
asfalteret	asfaltere
aspireret	aspirere
assimileret	assimilere
assisteret	assistere
associeret	associere
assorteret	assortere
assosieret	assosiere
assureret	assurere
astat	ha tid til
astringeret	astringere
atnit	bruke
atnit	anse for
atnit	inneha
atomiseret	atomisere
attakkeret	attakkere
attesteret	attestere
attestit	gi litt
attraheret	attrahere
aukšoneret	auksjonere
automatiseret	automatisere
avanseret	avansere
averteret	avertere
ađahuvvat	bli mager
ađaiduvvat	bli feitere
badjelgeahččat	forakte
badjelgeahččat	nedvurdere
badjánit	stige
bagadallat	beskrive
bagadallat	instruere
bagadit	oppdra
bagadit	rettlede
bagadit	straffe
bagadit	refse
bagatelliseret	bagatellisere
bahkket	trenge på
bahkket	trenge seg fram
bahkket	presse
bahkket	være nærgående
bahtit	søke til et ensomt sted
bahttát	sette av sted
bahčit	melke
bahčit	sentrifugere
baikit	skite
bajidit	løfte
bajidit	heve
bajálastit	gi mellomlegg ved bytting
bajásdoallat	vedlikeholde
balahit	engste seg for noe
balahit	mistenke
baldit	skremme
balkaniseret	balkanisere
ballat	frykte
ballat	være redd
ballotteret	ballottere
ballát	bli redd
balsameret	balsamere
banaliseret	banalisere
bandašeret	bandasjere
barberet	barbere
bardit	stable
barduneret	bardunere
bargat	arbeide
bargat	gjøre
barggahit	sysselsette
barggastuvvat	ha arbeidslyst
bargguhuvvat	bli arbeidsløs
barrikaderet	barrikadere
basadit	vaske seg
baseret	basere
bassaladdat	vaske tøy
bassat	vaske
bassit	steike
bastit	bite på
basuhit	helligholde
basuhit	holde hellig
basuneret	basunere
batnit	spinne
beaggit	forlyde
beaggit	bli fortalt
beahkit	krype
beahtahallat	bli skuffet
beahtahallat	bli bedratt
beahttit	bedra
beahttit	narre
beaivádit	datere
bealkit	skjenne
bealuštit	forsvare
bealuštit	forfekte
bealuštit	ta part
bearrat	innkreve
bearráigeahččat	inspisere
bearráigohcit	føre tilsyn
beasahit	miste
beaskidit	klippe
beassat	fritas
beassat	slippe inn
beassat	komme til
beassat	få anledning til
beastit	frelse
beastit	berge
beaškit	smelle
beaškit	slamre
beaškkihit	smelle
beaškkihit	kollidere
behtostit	kaste med pinne
beitot	bli uten fangst
beroštit	bry seg om
berret	burde
biddjet	kjøpe på auksjon
bidjat	sette
bidjat	legge
biebmat	fø
biebmat	gi mat
biebmat	vugge
bieggaladdat	blåse
bieggat	blåse
bieguhit	plage
biehkut	sutre
biehkut	klynke
biehtadit	nekte
biehtadit	benekte
biehttalit	gi avslag
biehttalit	nekte for
biekkadit	holde på å blåse så smått
biekkahaddat	bli overfalt og oppholdt av vind
biekkahit	la det blåse
biekkastit	begynne å blåse
bierggastit	møblere
biertnástaddat	leke
biestit	miste
biestit	slippe
bievlat	bli barmark
bievvalastit	halshugge
bieđganit	gå i stykker
bieđganit	spre seg
biggehaddat	bli liggende værfast
bigget	bygge
bihcudit	gjøre at noe blir rimbelagt
bihcut	bli rimbelagt
bihkkaduvvot	bli tjærebredd
bihtit	klare
biidnašuvvat	pines
biigostit	gjøre piketjeneste
biinnidit	pine
bijahallat	få i oppdrag
bilaidit	tindre
bildadit	legge noe på stillas
bilgádit	flette sennegressknipper
bilidit	ødelegge
bilkidit	gjøre narr
bilkidit	spotte
bilkidit	ironisere
billahuvvat	ødelegges
billašuvvat	bli ødelagt
billetteret	billettere
billistit	ødelegge
billostaddat	leke med bjeller
bindit	vare
bindit	holde seg
binnudit	redusere
birccostit	kaste terning
birccustit	spille terningspill
bircut	kaste terninger
birget	greie seg
birračuohppat	omskjære
bisihit	stanse
bissehit	stoppe
bissostit	gå på jakt
bissut	forbli
bissut	holde seg
bistit	vare
bisuhit	beholde
bisánit	stoppe
bisánit	feste seg
bivaldaddat	bli mildere i været
bivaldit	bli mildere
bivastuddat	svette oftere
bivastustit	svette litt
bivastuvvat	svette
bivdaruššat	opptre som jeger
bivdit	fiske
bivdit	jakte
bivdit	be
bivdit	anmode
bivdot	bli jaktet på
bivdáladdat	jakte
bivssastit	slå ned på
bivuakkeret	bivuakkere
bivvat	holde seg varm
biđget	ødelegge
biđget	spre
biđđit	varme litt i gryte
biškut	skrike
biškut	hyle
biškut	gale
blameret	blamere
blasoneret	blasonere
bleahkahuvvat	bli tilsølt med blekk
blokkeret	blokkere
bláđet	bla
boaggut	gå hjulbeint
boagustit	le
boagustit	flire
boahkkudit	tørke litt
boahkkut	tørke litt
boahtit	komme
boaibmut	plukke
boaibmut	pille
boaibmut	sortere
boakčánit	få noe i vranghalsen
boaldit	brenne
boaldit	svi
boalggahaddat	forårsake at noen blir ille omtalt
boalohaddat	drive laksefiske
boalváruššat	drive smughandel
boarskudit	være i knipe
boarásmuvvat	bli gammel
boatkanit	bryte sammen
boatkanit	slites av
boatkuluvvat	bli lemster
boazohuvvat	bli fattig på rein
boazuiduvvat	bli rik på rein
boazzuhuhttit	grade
bogseret	bogsere
bohccostaddat	leke rein
bohciidit	spire
bohciidit	oppstå
bohciidit	følge av
bohkat	bore
bohkket	gjøre innsnitt på
bohkosit	sette i å le
bohraidit	fosse
bohraidit	hvirvle
bohraidit	putre
bohtanit	hovne
bohtarastit	heve
bohčit	melke
bohčit	klemme
bokstaveret	bokstavere
boktit	vekke
bolohastit	feste grime på
bolohastit	fiske med drivgarn
boltasit	komme seg opp
boltut	rote opp
boltut	grave opp
bombarderet	bombardere
boniteret	bonitere
bontet	false
boradit	spise
boradit	ete
boradit	ha et måltid
borahit	fore
borahit	mate
bordit	stable
boret	reparere
borgaladdat	fyke
borgat	fyke
borggadit	fyke i lengre tid
borggistit	ryke
borgguhit	røyke
borgádit	lide et svært tap
borgádit	skifte hår
borjjastallat	seile
borjjastit	seile
borralit	spise
borrat	spise
borrat	ete
borrat	etse
boruhuvvat	miste matlysten
boršut	fosse
boršut	sprute
bossut	blåse
bostit	stikke så det hovner
botaniseret	botanisere
botkalit	strø
botket	bryte
botket	slite av
botket	slite seg løs
botkkiidit	begynne å kaste frø
botkkodit	slite løs
botkkuhit	sne
botnit	spinne
botnjat	vri
bovdet	invitere
bovdet	innby
bovret	bore
boŋkit	dundre
boŋkit	brake
braveret	bravere
breseret	bresere
briketteret	brikettere
briljeret	briljere
broderet	brodere
bronseret	bronsere
brutaliseret	brutalisere
buddet	gro
buddet	kante klær
buddet	sette synkestein
buddet	vise ansats til nyhorn
buddostaddat	bruke økenavn
buddáduvvat	bli forgjeldet
budjeteret	budsjettere
budšetteret	budsjettere
buhtadit	kompensere
buhtadit	refundere
buhtistit	reingjøre
buhtistit	rense
buhttejuvvot	erstattes
buhttet	erstatte
buhtásmuvvat	bli rein
buikkihit	smyge
buitit	ro
bukseret	buksere
buktit	bringe
bulžut	dannes isskorpe
bumpet	pumpe
buohcat	være syk
buohtalastit	sideordne
buohtalastit	sidestille
buoidut	bli feit
buokčalit	dykke
buolašit	brenne seg
buolaštit	sette i med kulde
buollit	brenne
buoridit	forbedre
buoridit	rette på
buorránit	bli bedre
buorádahttit	forbedre
buorádahttit	bli godvær
buorástahttalit	hilse på hverandre
buorástahttalit	hilse på flere etter hverandre
buorástahttit	handhilse
buoskut	fjerte
buozahit	plages
buozastit	være syk en kort tid
buođđut	demme
buođđut	tilstoppe
buođđut	målbinde
buoššodit	herde
buoššudit	herde
buoššudit	forherde
buressivdnidit	velsigne
burgit	rote
burgit	grave
burgit	demontere
buvihit	kvele
buvttadit	produsere
buvttihit	rekke
buvttihit	nå
buvvánit	kveles
buzzet	sprette
buđaldit	pusle
buškkihit	smette
byråkratiseret	byråkratisere
báddat	svulme opp
báddat	stige
báddet	ta opp på bånd
báddádaddat	venne dyr til å stå bundet
bágget	tvinge
bággolotnut	ekspropriere
báhccat	gå av
báhccat	sprette
báhcit	bli igjen
báhkadit	varme opp
báhkkanit	bli varm
báhkkodit	ta til orde
báhkkodit	uttrykke
báhtarit	flykte
báhtarit	rømme
báhčit	skyte
báhčit	stikke
báibmat	gnåle
báidnit	farge av
báidnit	påvirke
báikut	røske litt reinlav
báisat	hovne
báisat	svulme opp
báistit	steike
báitit	skinne
báitot	gå i offside
bájuhit	referere
bájuhit	sitere
bákŋat	vake
bákŋat	sprette
bálgat	plages
bálkestit	kaste
bálkkašit	gjengjelde
bálkkašit	belønne
bálkut	kaste
bálkáhit	ansette
bálkáhit	leie
bálkáhit	betale
bálkásit	gå til spille
bállet	ha fred til
báltut	få skrekken
bálvalit	tjene
bánccardit	sprelle
bántet	pante
bárgidit	flette
bárket	barke
bársat	stoppe strikkeplagg
bártašuvvat	være uheldig
bártašuvvat	ha et uhell
bártidit	være uheldig
bátnádit	berøre en gevekst
bávkit	smelle
bávkkihit	smelle
bávččagit	gjøre vondt
bávččastit	gjøre vondt
bázahaddat	bli igjen
bázahit	etterlate
caggat	støtte opp
caggat	forhindre
cahkat	ulme
cahkkehit	tenne
cancut	springe
cancut	sprette
ceagganit	reise seg opp
ceaggát	stå oppreist
ceahkkut	skjære hakk
cealkit	si
cealkit	uttale
ceavzit	holde seg
ceavzit	klare seg
cegget	reise opp
cieggat	synke i
cieggat	trenge inn i
ciehpat	gnage
cielahit	gjø på noen
cielahit	skjelle ut
ciellat	gjø
ciellat	bjeffe
cihcit	barke
cihraidit	pipe
cihraidit	pistre
cikcut	klype
cikcut	knipe
cirgut	sprute
cissat	pisse
cissat	tisse
civkit	kvitre
coahkkit	tikke
coahkut	minke
coahkut	synke
coakcut	få fotfeste
coggat	putte
coggat	stappe
coggat	kle på seg
cuiget	påpeke
cuiggodit	formane
cuiggodit	advare
cummestit	kysse
cuoigut	påpeke
cuoigut	gjøre oppmerksom på
cuovkanit	knuses
cuovkanit	gå i stykker
cuovkanit	spontanabortere
curbmát	knipe munnen sammen
cuskit	fnyse
cuvket	knuse
cuvket	veksle
cyanidiseret	cyanidisere
cábadit	skjære i små biter
cábadit	makulere
cábmit	slå
cábmit	banke
cáhpat	hakke
cáhpat	karve
dadjalit	si fort
dadjat	si
dagahit	forårsake
daguhit	overdra
dahkaluddat	late som
dahkaluddat	gjøre seg til
dahkat	gjøre
dahkat	lage
dahppat	stenge
dahppat	lukke
dalvat	bli lenge
danderet	dandere
darrat	skjelve
darrat	riste
darvehit	feste
darvehit	klistre
darvehit	klebe
darvvihit	få fast
darvánit	bli fast
darvánit	feste seg
davrat	krølle seg i gryta
deaddilit	trykke
deaddilit	klemme
deaddit	trykke
deaddit	presse
deaddit	veie
deadjut	glimte
deadjut	glinse
deahpanit	deformere
deaimmáskit	svime av
deaivat	treffe
deaivvadit	møtes
deakčut	trykke sammen
dearbbadit	pendle
dearpalit	klubbe
dearpat	slå
dearpat	banke
dearvvahit	hilse på
dearvvašmuvvat	bli frisk
dearvvašnuvvat	bli frisk
deattastit	stryke under
deattuhit	betone
deattuhit	fremheve
deattuhit	poengtere
deavdit	fylle
deaškalit	klaske
deaškut	klaske
debatteret	debattere
debiteret	debitere
debuteret	debutere
dechiffreret	dechiffrere
dediseret	dedisere
deduseret	dedusere
defileret	defilere
deflateret	deflatere
defloreret	deflorere
deformeret	deformere
degenereret	degenerere
degraderet	degradere
dehydreret	dehydrere
dekanteret	dekantere
dekateret	dekatere
deklareret	deklarere
deklasseret	deklassere
deklineret	deklinere
dekomponeret	dekomponere
dekoreret	dekorere
dekorteret	dekortere
dekreteret	dekretere
dekuperet	dekupere
delabialiseret	delabialisere
deleret	delere
delikateret	delikatere
delireret	delirere
demaskeret	demaskere
dementeret	dementere
demilitariseret	demilitarisere
demissioneret	demisjonere
demišoneret	demisjonere
demobiliseret	demobilisere
demokratiseret	demokratisere
demoleret	demolere
demonteret	demontere
demoraliseret	demoralisere
denaturaliseret	denaturalisere
denatureret	denaturere
denašonaliseret	denasjonalisere
denašunaliseret	denasjonalisere
denet	bli utmattet
denoteret	denotere
denuderet	denudere
deoksideret	deoksidere
deponeret	deponere
deporteret	deportere
depraveret	depravere
deprimeret	deprimere
deprivatiseret	deprivatisere
derangeret	derangere
derelinkveret	derelinkvere
deriveret	derivere
desarmeret	desarmere
desavueret	desavuere
desentraliseret	desentralisere
deserteret	desertere
desideret	desidere
desillušoneret	desillusjonere
desimeret	desimere
desinfiseret	desinfisere
desinformeret	desinformere
desintegreret	desintegrere
desoksideret	desoksidere
desorganiseret	desorganisere
desorienteret	desorientere
destrueret	destruere
detašeret	detasjere
determineret	determinere
detoneret	detonere
detroniseret	detronisere
devalueret	devaluere
devieret	deviere
devkkodahttit	anløpe
dialyseret	dialysere
diehtit	vite
dierrut	tilsmusses
dieđihit	meddele
dieđihit	orientere
differensieret	differensiere
differeret	differere
diffunderet	diffundere
diftongeret	diftongere
digaštallat	debattere
diggedit	diskutere
diggedit	krangle
diggot	bestille
diggot	diskutere
diggot	trette
diggot	føre rettsak
digitaliseret	digitalisere
diktet	dikte
diktit	la
diktit	tillate
dikšut	stelle
dikšut	pleie
diltet	dilte
dimenšoneret	dimensjonere
dimenšuneret	dimensjonere
dimitteret	dimittere
dineret	dinere
dinet	tjene
dipmat	bli myk
disiplineret	disiplinere
diskonteret	diskontere
diskrediteret	diskreditere
diskrimineret	diskriminere
diskuteret	diskutere
diskvalifiseret	diskvalifisere
dispašeret	dispasjere
dispenseret	dispensere
disponeret	disponere
disputeret	disputere
dissekeret	dissekere
dissenteret	dissentere
dissimileret	dissimilere
dissoneret	dissonere
dissosieret	dissosiere
distanseret	distansere
distingveret	distingvere
distraheret	distrahere
distribueret	distribuere
divergeret	divergere
diverteret	divertere
divideret	dividere
divodit	reparere
divrrastaddat	være dyr på varen
divrrastallat	være dyr
divrrašit	anse for å være dyr
divrudit	fordyre
divrut	bli dyrere
divuhit	få reparert
divvut	reparere
divvut	rette på
dievvat	bli full
dievvat	flø
golihit	gå fort
diđoštit	innhente opplysninger
diđoštit	få klarhet i
diŋgot	bestille
dišket	skvette
diškut	skvette
doadjit	knekke
doadjit	bryte
doahput	gripe
doahttalit	akte
doahttalit	ta hensyn til
doaibmat	fungere
doaimmahit	utrette
doaimmahit	utføre
doaimmahuvvat	bli tiltaksløs
doaivut	håpe
doaivut	tro
doaladit	holde på noe
doaladit	ro båten sakte
doallat	holde
doalvut	bringe bort
doalvut	føre bort
doalvut	eksportere
doalvvástit	trave
doapmat	skynde seg
doarggistit	skjelve
doarjalit	støtte
doarjut	støtte
doarjut	gi tilslutning til
doarridit	forfølge
doarrut	stange
doarrut	slåss
doaškalit	slå med flat hånd
doaškut	slå med flat hånd
doddjot	brekke
doddjot	gå av
dodjit	skyve arbeid over på en annen
dohkkehit	godta
dohkkehit	akseptere
dohkkehit	bifalle
dohkkehit	knesette
dohkket	duge
dohppehallat	få anfall
dohppehit	få et napp
dohppestit	ta fort
dohppet	gripe
doidit	skylle
doktoreret	doktorere
dokumenteret	dokumentere
dokŋadit	tetne
dolastaddat	brenne bål og koke kaffe
dolastaddat	brenne bål
dolastaddat	fyre i ovnen
dolastallat	brenne bål og koke kaffe
dolastallat	brenne bål
dolastallat	fyre i ovnen
dolkat	bli lei
dollet	gripe
dollet	ta et tak
dollet	stanse
dollet	konfiskere
dollet	dra
domineret	dominere
domisilieret	domisiliere
doneret	donere
dopmuluvvat	bli støvet
dorjet	støtte
dorvvastit	stole på
doseret	dosere
dosseret	dossere
doteret	dotere
dovdat	kjenne
dovdat	føle
dovddahit	røpe
dovddastit	innrømme
dovddastit	bekjenne
dovddiidahttit	identifisere
dovdnjet	dekke
dovdot	føles
dovdot	kjennes
došket	slå med flat hånd
dramatiseret	dramatisere
draperet	drapere
drašeret	drasjere
dreneret	drenere
dresseret	dressere
dubleret	dublere
dubmet	dømme
duddjot	lage
duddjot	gjøre håndarbeid
duddjot	utføre håndverk
duelleret	duellere
duhkoraddat	leke
duhppet	tove
duhtadit	tilfredsstille
duhtat	være fornøyd
duktet	gjødsle
dulbet	jevne
dulbet	gjøre flat
dulbet	bake ut
duldehastit	skålde
duldehit	koke opp
duldet	koke opp
dulkot	tolke
dulkot	fortolke
dulpet	stuke
dulvadit	demme opp
dulvat	bli flom
dumssagit	bli posete, ujevn
duobadit	hale
duobussillet	filtrere
duoddut	tåle
duoguštit	beslaglegge
duogŋat	lappe
duohpahuvvat	krympe
duohpat	hale
duohpat	nå igjen
duohčahallat	traktere
duohččat	spare
duolbbasinjorahit	plandreie
duolbmat	trø
duolbmat	tråkke
duoldat	koke
duolddadit	surre
duolddahit	få til å koke
duorbalit	plaske kraftig
duorrat	klinke
duorrat	trekke
duostat	våge
duostat	tore
duostut	ta imot
duođaštit	bekrefte
duođaštit	bevitne
duođaštit	attestere
duođaštit	godtgjøre
duperet	dupere
dupliseret	duplisere
duppalastit	overlappe
durbbodit	plaske
durbet	plaske
durddidit	skitne til
durdut	bli tilsølt
durdut	skitten
duskkástuvvat	bli gretten
dustet	dempe
dustet	ta imot
dutkat	granske
dutkat	forske
duvdit	støtte
duvdit	puffe
duvdit	fortrenge
duđđat	tumle
duđđat	vase
duššat	omkomme
duššat	bli borte
duššindahkat	annullere
duššindahkat	undergrave
duššástuhttit	frustrere
dádjadit	finne fram
dádjut	tøve
dádjut	tøyse
dáhkidit	garantere
dáhkidit	bekrefte
dáhkidit	forsikre om
dáhkidit	kausjonere
dáhkut	smi
dáhpet	tape
dáhpáhuvvat	hende
dáhpáhuvvat	skje
dáhttut	ville
dáhttut	ønske
dáidit	kanskje
dáidit	sannsynligvis
dáikkihit	summe seg
dáisut	tøve
dájuhit	narre
dájuhit	finte
dájáskit	gå fra vettet
dállet	riste
dálset	vrøvle
dálset	tøyse
dáncat	trampe
dánset	danse
dánsut	danse
dápmat	temme
dárbbahit	trenge
dárbbašit	behøve
dárbbašit	trenge
dárjat	kunne ta på noe varmt eller kaldt
dárjut	tilby
dárkilastit	justere
dárkkistit	kontrollere
dárkkistit	overprøve
dárkkuhit	betrakte
dárkot	betrakte
dárkot	undersøke
dárpmehuvvat	gi seg over
dárránit	summe seg
dárustit	snakke norsk
dásset	jamne
dásset	jevne
dásset	stabilisere
dássádallat	balansere
dásásmuvvat	bli jevnere
dávistit	svare
dávistit	gi gjenlyd
dávistit	gi respons
dávistit	reagere på
eaddut	bli ergerlig
eaddut	bli fornærmet
eahccit	være kjærlig
eahccit	øm
eahpidit	tvile
eaiggádastit	opptre som eier av eller herre over
eaiggáduššat	eie
eaktudit	ta forbehold
ealihit	livberge
eallit	leve
ealáskit	livne til
ealáskit	kvikne
eardut	bli sur
eardut	gretten
earránit	skilles
earuhit	differensiere
earuhit	skjelne
eastadit	hindre
eastadit	forebygge
eattehit	bli sint
ednet	jorde
effektiviseret	effektivisere
effektueret	effektuere
egaliseret	egalisere
einnostit	forutsi
einnostit	spå
einnostit	antisipere
ejakuleret	ejakulere
ekonomiseret	økonomisere
eksamineret	eksaminere
eksegeret	eksegere
eksekveret	eksekvere
ekselleret	eksellere
eksemplifiseret	eksemplifisere
ekserperet	ekserpere
ekserseret	eksersere
ekshaleret	ekshalere
eksisteret	eksistere
eksklameret	eksklamere
ekskluderet	ekskludere
ekskommuniseret	ekskommunisere
ekspanderet	ekspandere
ekspatrieret	ekspatriere
ekspederet	ekspedere
ekspediteret	ekspeditere
eksperimenteret	eksperimentere
ekspireret	ekspirere
eksplisiteret	eksplisitere
eksplisitteret	eksplisittere
eksploateret	eksploatere
eksploderet	eksplodere
eksponeret	eksponere
eksporteret	eksportere
eksproprieret	ekspropriere
ekstenderet	ekstendere
ekstensiveret	ekstensivere
ekstraheret	ekstrahere
ekstrapoleret	ekstrapolere
ekviperet	ekvipere
ekvivaleret	ekvivalere
elektrifiseret	elektrifisere
elektriseret	elektrisere
eleveret	elevere
eligeret	eligere
elokseret	eloksere
eluderet	eludere
emaljeret	emaljere
emansiperet	emansipere
emballeret	emballere
embarkeret	embarkere
emigreret	emigrere
emitteret	emittere
employeret	employere
emulgeret	emulgere
endosseret	endossere
enerveret	enervere
engašeret	engasjere
enkultureret	enkulturere
ensileret	ensilere
erigeret	erigere
eroderet	erodere
erohallat	skille
erotiseret	erotisere
erret	isolere
eskaleret	eskalere
eskamoteret	eskamotere
eskaperet	eskapere
eskorteret	eskortere
estetiseret	estetisere
estimeret	estimere
etableret	etablere
etiketteret	etikettere
etterisoleret	etterisolere
ettersynkroniseret	ettersynkronisere
europeiseret	europeisere
evangeliseret	evangelisere
evaporeret	evaporere
evttohit	foreslå
evttohit	avgi innstilling
evttohit	ta til orde for
fabrikeret	fabrikere
fabrikkeret	fabrikkere
fabuleret	fabulere
faksimileret	faksimilere
faktoriseret	faktorisere
faktureret	fakturere
fakŋut	strekke seg
fallehit	angripe
falleret	fallere
falsifiseret	falsifisere
falástallat	drive idrett
faláštallat	drive idrett
fanahit	tøye
fantaseret	fantasere
fantiseret	fantasere
farseret	farsere
fasetteret	fasettere
faskut	skrape
fasongeret	fasongere
fađđut	vifte
faŋuhit	strekke seg
fearkut	hogge småved
fearrat	telje
feilvurderet	feilvurdere
feminiseret	feminisere
ferdnet	male
ferdnet	kverne
feret	oppleve
ferieret	feriere
fermenteret	fermentere
fernisseret	fernissere
fertet	måtte
feteret	fetere
fidnet	få
fidnet	få tak i
fieradit	rulle
fieradit	tumle
fierbmut	sette ut garn
fierpmástallat	fiske med garn
fierpmástuvvat	få skrekk i seg for fiskegarn
fierralit	rulle
fierralit	dette
fierralit	falle overende
fierrat	rulle
fierrat	rase ned
fierrut	røre om
fievrridit	frakte
fievrridit	ha med seg
figureret	figurere
fihttet	oppfatte
fihttet	komme på
fiilet	file
fikseret	fiksere
fileret	filere
fileteret	filetere
fillašuvvat	bli narret
fillet	narre
filmatiseret	filmatisere
filtarastit	filtrere
filtreret	filtrere
fineret	finere
fingeret	fingere
firrestit	røre litt rundt
firtet	bli oppholdsvær
firtet	slutte å regne
fisioneret	fisjonere
fitnat	ta en tur
fitnet	utbytte
fišoneret	fisjonere
flamberet	flambere
flaneret	flanere
flankeret	flankere
flatteret	flattere
flekteret	flektere
flirtet	flirte
floragraferet	floragrafere
floreret	florere
fluktueret	fluktuere
fluorideret	fluoridere
fluoriseret	fluorisere
fokuseret	fokusere
folieret	foliere
formeret	formere
formuleret	formulere
formáliseret	formalisere
forseret	forsere
fotograferet	fotografere
fotokopieret	fotokopiere
fragmenteret	fragmentere
frakšoneret	fraksjonere
frakšuneret	fraksjonere
frankeret	frankere
frapperet	frappere
fraseret	frasere
fraterniseret	fraternisere
frekventeret	frekventere
friseret	frisere
friteret	fritere
fronderet	frondere
frotteret	frottere
frustreret	frustrere
fráŋket	frankere
fundamenteret	fundamentere
funderet	fundere
fungeret	fungere
funkšoneret	funksjonere
funkšuneret	funksjonere
fuobmát	oppdage
fuoikut	jamre
fuoikut	ynke seg
fuolahit	sørge for
fuollat	bry seg om
fuomášit	oppdage
furageret	furagere
furašeret	furasjere
furneret	furnere
furrošit	drive utukt
furrošit	hor
fusioneret	fusionere
fušoneret	fusjonere
fággádit	bryte
fággádit	ta tak
fáhtet	få tak i
fáiput	vifte
fáktet	passe
fáktet	vokte
fállat	tilby
fállat	by på
fámohuhttit	sette ut av kraft
fápmudit	delegere
fárret	flytte
fástudit	faste
fávledit	bygge laksestengsel lenger utfra land
fávlánit	gå ut på dypere vann
fáškut	flakse
fáškut	slenge
gabahahttit	utvise
gageret	gagere
gahkit	gnage
gahčat	spørre
gahččat	falle
gaikkihit	rykke
gaikut	rive
gaikut	slite
gaikánit	revne
gaivát	glane
gaivát	glo
gakcut	klatre
galbmit	fryse til
galbmot	fryse
galgat	skulle
galjidit	brotsje
galkat	sprette
galledit	besøke
gallehit	mette
gallet	besøke
gallánit	bli mett
galmmihit	avkjøle
galopperet	galoppere
garahit	skrelle
garanteret	garantere
garderet	gardere
garneret	garnere
garnisoneret	garnisonere
garrajugahit	hardlodde
garrudit	banne
garrudit	forbanne
garvilit	unnvike
gaskit	ribbe
gaskit	plukke
gaskkalduhttit	avbryte
gaskkalduvvat	bli avbrutt
gastit	nyse
gavvit	nappe
gazzat	spise med skje
gazzut	klore
gaŋkát	strekke hals
gašeret	gasjere
gažadit	spørre
gažadit	intervjue
geahcat	ordne kofta
geahkat	ymte om
geahpadit	sette tråd i garnnål
geahpedit	lette
geahpedit	minske
geahpidit	lette
geahpidit	minske
geahppánit	avta
geahppánit	bli færre
geahppánit	bli lettere
geahčadit	forhåndsgranske
geahčastit	se litt på
geahččalit	prøve
geahččat	se
geahččat	se på
geaidit	trylle
geaigát	stikke fram
geaigát	stikke ut
gealdit	spenne
geallat	pusse
geallat	polere
geallit	dra not med notspill
geardduhit	repetere
geardut	gjenta
geardut	multiplisere
geargat	bli ferdig
gearjidit	tigge
geasehit	kjøre
geasehit	frakte
geassit	dra
geassit	trekke
geassádit	trekke seg
geasástit	sele på
geatnegahttit	plikte
geatnit	sammenbinde to eller flere fiskegarn i lenke
geavahit	bruke
geavvadit	la heve
geavvat	heve seg
geavvat	gå
geažuhit	antyde
gefot	bli fattig
gehlát	dra, trekke not
geiget	strekke ut
geiget	rekke fram
gelvet	kjevle
gemineret	geminere
genereret	generere
generet	genere
gereret	gerere
gerget	gjøre ferdig
germaniseret	germanisere
gerret	rose
gerret	skryte
gessot	bli dradd
gestikuleret	gestikulere
gevret	kommandere
geđđot	blendes
giddanit	bli fast
giddehuvvot	behefte
giddet	feste
giebahuhttit	sote
giehtaguššat	håndheve
gieibmat	ha løpetid
gieldit	forby
gieldit	nekte
gielistit	lyge
gierdat	tåle
giessat	vikle
giessat	surre
giessat	nøste
gievrudit	forsterke
gievvudit	være vilter
gievvudit	oppskrudd
gieđahallat	bearbeide
gieđahallat	behandle
gihčat	knirke
giitit	takke
giksat	bli ferdigkokt
giksat	bli ferdigstekt
giksat	bli ferdigspeket
giktadit	sette synkestein på not eller garn
giktalit	tirre
giktit	lokke
gilggodit	misfarges
giljotineret	giljotinere
giljádit	hyle
giljádit	brøle
gillet	orke
gilljut	hyle
gilljut	brøle
gillát	tåle
gillát	holde ut
gilvalit	konkurrere
gilvit	så
gilvit	plante
gilvvohallat	konkurrere
gincut	sprelle
gipmat	ha løpetid
girdilit	fly avgårde
girdit	fly
girdnut	kjerne smør
gireret	girere
girjet	bokføre
girkostallat	delta i gudstjeneste
givssidit	mobbe
givssidit	plage
givssidit	pine
giđđudit	vrimle
giđđudit	flimre
glamoriseret	glamorisere
glaseret	glasere
glasseret	glassere
glorifiseret	glorifisere
goahcat	bremse
goaikkihit	dryppe
goaikut	dryppe
goaivut	grave
goaivut	måke
goaivut	spa
goalkalit	banke
goalkalit	knakke
goallostit	binde sammen etter hverandre
goallut	fryse
goalvát	ligge hvelvet
goardit	varme
goardit	steike
goardit	gratinere
goargŋut	klatre
goargŋut	stige
goargŋut	stake elvebåt
goaridit	vanskjøtte
goarjut	legge seg ned
goarrut	sy
goarránit	vantrives
goarránit	visne
goarvanit	få posefasong
goastadit	greie å få med seg
goastat	komme seg fram
goasttidit	bekoste
goastut	bli harsk
goazahit	forhale
goazahit	retardere
goazastit	bremse
goddit	drepe
gohcit	våke
gohpat	forsenke
gohčodit	kalle
gohčodit	betegne
gohččut	be
gohččut	befale
gohččut	innkalle
gohččut	pålegge
goikadit	tørke
goikadit	steke
goikat	tørke
goksit	forfordele
gokčat	dekke
golahit	bruke
golahit	forbruke
goldet	hove sild i sildeknute
goldit	rote opp
goldit	grave opp
goldit	fiske med drivgarn
goldit	drive med rovfiske
goldnat	visne
golgadit	fiske med drivgarn
golgat	renne
golgat	reke
golgat	drive
gollat	gå
gollat	svinne
goluiduhttit	kostnadsføre
gomihit	velte
gomihit	gjendrive
gopmirdit	bukke
gopmirdit	bøye seg
gopmánit	veltes
gopmánit	kvelve
gorgŋet	klatre
gossat	hoste
gosádit	hoste
govdet	stige til overflaten
govdnat	tape seg
govdodit	flotne
govdut	flyte
govket	åpne på gløtt
govssáhallat	bli forfordelt
govvet	fotografere
govvidit	beskrive
govvidit	illustrere
gođahit	garnfiske
gođđat	gyte
gođđit	strikke
gođđit	veve
gođđit	binde, knytte
graderet	gradere
gradueret	graduere
granuleret	granulere
grasseret	grassere
gratiidnet	gratinere
gratineret	gratinere
gratuleret	gratulere
graviteret	gravitere
griljeret	griljere
grunderet	grundere
grupperet	gruppere
gubbarastit	stupe kråke
gudnejahttit	ære
gudnejahttit	hedre
guhkidit	forlenge
guitet	kvittere
gulahallat	forstå hverandre
gulahallat	kommunisere
gulahit	kunngjøre
gulaskuddat	forhøre seg
gulaskuddat	spørre
guldalit	lytte
guldalit	kjenne etter
guldalit	teste
gullat	høre
gullat	tilhøre
gullot	høres
gummieret	gummiere
gumppostit	lage blodklubb
guoddalit	klage på
guoddalit	anklage
guoddit	bære
guoddit	føde
guohcagit	råtne
guohpanjaddit	ha muggsmak
guohpput	mugne
guohtut	beite
guoimmuhit	underholde
guokkardit	gå på alle fire - på hender og føtter
guoktiluššat	hykle
guolehuvvat	bli fiskefattig
guollenjaddit	ha fiskesmak
guolástit	fiske
guorahaddat	undersøke
guorahallat	undersøke
guorbat	bli svidd
guorbat	bli avbeitet
guorbat	utmagret
guorranit	bli tom
guorrasit	slutte seg til
guorrat	følge spor
guorsat	hoste
guoskat	komme bort i
guoskat	angå
guoskkahit	røre
guoskkahit	berøre
guosmut	bli svidd
guossat	snuble
guossohit	traktere
guossohit	servere
guossut	være gjest
guossut	bli traktert
guovdduštit	sentralisere
guovdilastit	konsentrere
guovlat	kike
guovlat	titte
guovllastit	kikke som snarest
guođahit	tilbakeholde
guođohit	gjete
guođđit	forlate
guođđit	etterlate
gurgalit	drysse ut
gurgalit	gå i rad og rekke
gurggistit	gå i rad og rekke
gurput	bære ei bør
gurradit	fuge
gurret	tømme
gustot	gjelde
guteret	gutere
guvggodit	blekne
guvggodit	bli gulbrun
guđjet	isolere
gužžat	tisse
gymnastiseret	gymnastisere
gáddit	tro
gáddit	anta
gádjalit	forsvare
gádjut	berge
gádjut	redde
gáfestaddat	koke seg kaffe
gáfestaddat	ha en kafferast
gággat	bryte
gággat	velte
vuorddestit	vente litt
páhkket	pakke
gáhkket	bake kake
gáhtat	angre
gáhttet	vokte
gáhttet	ta vare på
gáhttet	bevare
gáhččat	skynde seg
gáibidit	kreve
gáidat	vike
gáidat	forsvinne
gaifát	glane
gaifát	stirre
gáivut	vifte
gáivut	fekte
gálašit	vasse
gálašit	bade
gáldet	gjelde
gáldet	kastrere
gálgat	løse
gállit	være høy nok til å stå i vannet
gánnehit	lønne seg
gánnáhit	lønne seg
gárbmudit	ta vare på
gárdut	sette rypesnarer
gárdut	gjerde inn
gárget	vikle opp
gárget	rekke opp
gárgidit	rømme
gárrat	surre
gártat	komme til å
gárvodit	kle på seg
gárvvistit	forberede
gárvvistit	gjøre klar
gárvvohit	kle på
gáržudit	innskrenke
gáržut	bli trang
gáržut	innskrenket
gáskit	bite
gáskit	kastrere rein
gásttašit	døpe
gávastit	gjespe
gávdnat	finne
gávdnot	finnes
gávkat	glane
gávkat	glo
gávnnadit	møtes
gávnnahaddat	bli oppdaget
gávnnahit	finne ut
gávppahit	handle
gávppašit	handle
gávppašit	drive handel
gáđaštit	misunne
gč	jfr
habiliteret	habilitere
haksit	lukte
haksot	stinke
hallusineret	hallusinere
harcet	henge
harmoniseret	harmonisere
harpeseret	harpesere
harpuneret	harpunere
harrat	knurre
harseleret	harselere
havareret	havarere
heahpanit	skamme seg
heahpanit	skjemmes
heaibut	bryte
heaibut	ta tak
heailut	gynge
heailut	svaie
heaitit	slutte
heaittihit	avslutte
heaittihit	avvikle
heaittihuvvot	oppheves
heajastaddat	holde et selskap
heajastaddat	holde bryllup
healbat	forbli
healkkehit	kvekke til
heavahit	få til å velte over
heavganit	belastet med for mye arbeid
heavvalastit	høvle
heavvanit	drukne
heađuštit	forhindre
heađuštit	avverge
heađástuvvat	komme i nød
heađástuvvat	i beit
heaŋgut	henge opp
heaŋgát	henge
hedjonit	bli svak
hehppehit	skjemme ut
hehttet	hindre
hehttet	forhindre
heivehallat	arrondere
heivehit	tilpasse
heivet	høve
heivet	passe
hektograferet	hektografere
helpet	avlaste
hermetiseret	hermetisere
heroiseret	heroisere
herpeseret	herpesere
hervet	dekorere
heŋget	henge opp
hilbošit	gjøre spillopper
hilgut	vrake
hilgut	avslå
hilgut	avvise
himihit	kremte
hirpmástuhttit	sjokkere
hirret	vikke
hivllášit	synes å være for tynn
hivludit	få til å bli tynn
hivlut	bli tynn, tynntrådet
hoahkat	ymte om at en vil
hoahkat	gjenta
hoalddahit	styrke
hoalddahuvvat	bli kraftløs
hoallat	snakke
hoavridit	mase
hoavrristit	mase
hobehit	forsere
hohkahit	lokke
hohkahit	narre
hoigat	skyve
hoigat	puffe
hoksát	finne på
holvut	ule
holvut	hyle
hommát	sysle
hommát	arbeide
homogeniseret	homogenisere
honoreret	honorere
hospitaliseret	hospitalisere
hovdet	lede
hovdet	styre
hoveret	hovere
huhccalit	hisse opp
huhttát	kure
huhttát	sitte sammenkrøket
huikit	rope
hukset	bygge
humadit	prate
humaniseret	humanisere
hunet	hone
hupmat	snakke
huraidit	nynne
hutkat	finne på
hutkat	dikte opp
huškkastit	slå
huškut	slå
huškut	banke
hábmet	utforme
háddjet	rote
háddjet	spre
háhkat	skaffe
háhkat	rekruttere
háhppehit	være snar nok
háhppehit	rekke
háisut	lukte
háisut	stinke
hálahit	overtale
hálbbidit	senke prisen
hálddašit	rå over
hálddašit	administrere
hálddašit	beherske
hálddašit	betjene
háldet	disponere
háldogáržžidit	båndlegge
háleštit	prate
háleštit	snakke sammen
háliidit	ville
hállanit	bøye
hállat	snakke
hámsut	glefse etter
hánástaddat	være gjerrig
hárbmat	bli sint
hárbmat	harm
hárdit	erte
hárdit	terge
hárjehaddat	øve
hárjehaddat	trene
hárjehahttit	trimme
hárjehallat	trene
hárjánit	bli vant
hástalit	utfordre
hástit	utfordre
hástit	oppfordre
hávdádit	begrave
hávkat	bli kvalt
hávkat	drukne
hávrut	harskne
idealiseret	idealisere
identifiseret	identifisere
ideologiseret	ideologisere
idjadit	overnatte
idylliseret	idyllisere
ignoreret	ignorere
ihtit	vise seg
ihtit	komme til syne
ihtit	fremkomme
ihttot	få utslett
ijastaddat	overnatte
ijastallat	overnatte
illudahttit	gjøre noen glad
illuderet	illudere
illudit	glede seg
illumineret	illuminere
illastit	mishandle
imagineret	imaginere
imaštallat	bli forundra
imaštit	forundre seg
immatrikuleret	immatrikulere
immigreret	immigrere
immortaliseret	immortalisere
immuniseret	immunisere
implanteret	implantere
implementeret	implementere
impliseret	implisere
imploderet	implodere
imponeret	imponere
importeret	importere
improviseret	improvisere
inaktiveret	inaktivere
inaugureret	inaugurere
indekseret	indeksere
indikeret	indikere
individualiseret	individualisere
indoktrineret	indoktrinere
induseret	indusere
infameret	infamere
infantiliseret	infantilisere
infiseret	infisere
inflammeret	inflammere
inflateret	inflatere
influeret	influere
inhaleret	inhalere
inhereret	inherere
inhiberet	inhibere
initieret	initiere
injiseret	injisere
injurieret	injuriere
inkarneret	inkarnere
inklineret	inklinere
inkluderet	inkludere
inkorporeret	inkorporere
inokuleret	inokulere
insemineret	inseminere
insinueret	insinuere
insisteret	insistere
inspekteret	inspektere
inspireret	inspirere
inspiseret	inspisere
institueret	instituere
institušonaliseret	institusjonalisere
instrueret	instruere
instrumenteret	instrumentere
integreret	integrere
intellektualiseret	intellektualisere
intenderet	intendere
intensiveret	intensivere
interesseret	interessere
interfereret	interferere
interfolieret	interfoliere
internašonaliseret	internasjonalisere
internašunaliseret	internasjonalisere
interneret	internere
interpelleret	interpellere
interpoleret	interpolere
interpreteret	interpretere
interveneret	intervenere
intimideret	intimidere
intoneret	intonere
intresseret	intressere
introduseret	introdusere
invaderet	invadere
invalidiseret	invalidisere
inverteret	invertere
inviteret	invitere
involveret	involvere
ioniseret	ionisere
ipmirdit	forstå
ipmirdit	skjønne
irggástaddat	fri
irggástaddat	gjøre kur
iriseret	irisere
ironiseret	ironisere
irrigeret	irrigere
irriteret	irritere
iskat	undersøke
iskat	prøve
islamiseret	islamisere
itereret	iterere
ivdnet	fargelegge
iđuhit	få til å spire
jakkaldit	hugge over
jakŋat	bli knusktørr
jalget	jevne
jallošit	gjøre noe dumt
jarrut	danne seg knute
jassifiseret	jassifisere
jazzifiseret	jazzifisere
jeagadit	lyde
jeagadit	lystre
jeahkit	være tett
jearahallat	intervjue
jearralit	spørre som snarest
jearrat	spørre
jevdet	jevne ut
jeđđet	trøste
jeŋget	gjenge
jiekŋut	fryse til is
jiellat	trekke
jiellat	blåse svakt
jienastit	stemme
jienádit	ytre
jienádit	ymte
jievžžadit	herme
joatkit	skjøte
joatkit	fortsette
joavdat	nå fram
joavdelastit	drive dank
joavdelastit	gå ledig
joavgat	fyke
joderet	jodere
jodiseret	jodisere
johtalit	rikle, slarke
johtalit	ferdes
johtit	bevege seg
johtit	reise
johtit	flytte
johttát	begynne å flytte
joksat	innhente
jolggadit	driste seg til
joradit	sverme omkring
jorahit	rotere
jorbet	avrunde
jorgalit	oversette
jorgalit	snu noe
jorgalit	snu
jorgalit	omvende
jorgalit	gjøre et notkast
jorggihit	snu
jorggihit	vende seg
jorrat	dreie
jorrat	gå rundt
journaliseret	journalisere
jozzidit	skravle
jozzidit	tøyse
jođašit	bevege
jođihit	lede
jođihit	styre
jođuhuvvat	bli mindre etterspurt
jubileret	jubilere
jugahit	lodde
juhcat	suse
juhcat	bruse
juhkat	drikke
juksat	nå igjen
julggaštit	erklære
julkit	dundre
julkit	drønne
jullat	drønne
jullat	brake
juogadit	dele
juogadit	dele ut
juohkit	dele
juoigat	joike
juoiggastit	joike litt
juokŋat	sprekke, bli utett
juolgguštit	mobilisere etter sengeleie
juolludit	avse
juolludit	bevilge
juollut	at det er nok til overs
juorbut	vagge
juorbut	rugge
juorrudit	sladre
juovzut	vakle
juoŋastit	fiske med garn under isen
jupmat	larme
jurddahit	tenke
jurddašit	tenke
jurrat	dure
jursit	gnage
jurssahit	frese
juryeret	juryere
justeret	justere
jábálduvvat	bli velstående
jáddadit	slukke
jáddat	slukne
jáhkkit	tro
jáhkkit	anta
jámálgit	besvime
jápmit	dø
jávkadit	estingvere
jávkat	forsvinne
kadmieret	kadmiere
kakuminaliseret	kakuminalisere
kalandreret	kalandrere
kalibreret	kalibrere
kalkeret	kalkere
kalkuleret	kalkulere
kalkyleret	kalkylere
kalligraferet	kalligrafere
kalsineret	kalsinere
kamperet	kampere
kamufleret	kamuflere
kandideret	kandidere
kandiseret	kandisere
kanneleret	kannelere
kanoniseret	kanonisere
kanselleret	kansellere
kapitaliseret	kapitalisere
kapituleret	kapitulere
kapuneret	kapunere
karakteriseret	karakterisere
karikeret	karikere
karteret	kartere
kartoneret	kartonere
kasseret	kassere
kastreret	kastrere
katalogiseret	katalogisere
katalyseret	katalysere
kategoriseret	kategorisere
katekiseret	katekisere
katoliseret	katolisere
kaušoneret	kausjonere
kaušuneret	kausjonere
kaveret	kavere
klareret	klarere
klassifiseret	klassifisere
klausuleret	klausulere
klimatiseret	klimatisere
klišeret	klisjere
kloreret	klorere
kloroformeret	kloroformere
koaguleret	koagulere
koasttidit	bekoste
kodifiseret	kodifisere
koketteret	kokettere
kokkeleret	kokkelere
kollaboreret	kollaborere
kollašoneret	kollasjonere
kollašuneret	kollasjonere
kollektiviseret	kollektivisere
kollideret	kollidere
kollokveret	kollokvere
koloreret	kolorere
kolporteret	kolportere
kombineret	kombinere
kommanderet	kommandere
kommenderet	kommendere
kommersialiseret	kommersialisere
kommunaliseret	kommunalisere
kommuniseret	kommunisere
kommuteret	kommutere
kompareret	komparere
kompenseret	kompensere
kompileret	kompilere
kompletteret	komplettere
komplimenteret	komplimentere
kompliseret	komplisere
komposteret	kompostere
kompostet	kompostere
komprimeret	komprimere
kompromitteret	kompromittere
koncentreret	koncentrere
koncipieret	koncipiere
kondemneret	kondemnere
kondenseret	kondensere
kondišoneret	kondisjonere
kondišuneret	kondisjonere
kondoleret	kondolere
konfereret	konferere
konfiskeret	konfiskere
konfronteret	konfrontere
kongrueret	kongruere
konjugeret	konjugere
konkluderet	konkludere
konkurreret	konkurrere
konnoteret	konnotere
konsentreret	konsentrere
konserteret	konsertere
konsigneret	konsignere
konsiperet	konsipere
konskriberet	konskribere
konsolideret	konsolidere
konspireret	konspirere
konstateret	konstatere
konstitueret	konstituere
konstrueret	konstruere
konsumeret	konsumere
konteret	kontere
kontet	konte
kontingenteret	kontingentere
kontinueret	kontinuere
kontoriseret	kontorisere
kontraheret	kontrahere
kontrasigneret	kontrasignere
kontrasteret	kontrastere
kontribueret	kontribuere
konvergeret	konvergere
konverseret	konversere
konverteret	konvertere
konvoieret	konvoiere
konvojeret	konvojere
konvoluteret	konvolutere
konvolutteret	konvoluttere
koopereret	kooperere
koordineret	koordinere
kopuleret	kopulere
koreograferet	koreografere
korporativiseret	korporativisere
korresponderet	korrespondere
korrigeret	korrigere
korroderet	korrodere
korrugeret	korrugere
korrumperet	korrumpere
kostymeret	kostymere
krakeleret	krakelere
krediteret	kreditere
kreeret	kreere
kremeret	kremere
kreneleret	krenelere
kreperet	krepere
kriminaliseret	kriminalisere
kristalliseret	krystallisere
krokeret	krokere
krokkeret	krokkere
krommadit	forkromme
kronikkeret	kronikkere
krypteret	kryptere
kryptifiseret	kryptifisere
krystalliseret	krystallisere
krönikeret	krönikere
kuberet	kubere
kujoneret	kujonere
kulmineret	kulminere
kultiveret	kultivere
kumuleret	kumulere
kuperet	kupere
kureret	kurere
kurseret	kursere
kursiveret	kursivere
kurtiseret	kurtisere
kvadreret	kvadrere
kvalifiseret	kvalifisere
kvantifiseret	kvantifisere
kvantiteret	kvantitere
kveruleret	kverulere
kvitteret	kvittere
kvoteret	kvotere
káfestaddat	koke seg kaffe
kåseret	kåsere
labialiseret	labialisere
lagahit	tilnærme
lahcat	knirke
lahcat	knake
lahkanit	nærme seg
lahttudit	innlemme
laigat	løsne
laigat	skalle av
lakkeret	lakkere
lakseret	laksere
laktit	kople
laktit	lime
lamineret	laminere
lanjastit	inndele
lanseret	lansere
lapmat	huke seg ned
lapmat	sige
laseret	lasere
lasihit	legge til
lasihit	øke
laskat	øke
laskat	formere seg
lassánit	øke
latiniseret	latinisere
lađastallat	analysere
leabbut	bre ut
leabbut	folde ut
leabbát	ligge utover
leahkastit	åpne
leahkastit	lukke opp
leahkkasit	åpne seg
leahkkut	åpne
leahkkut	lukke opp
leaikkastallat	spøke
leaikkastit	spøke
leaikkastit	vitse
leaikut	skjenke
leaikut	helle
leavvat	bre seg
leađgut	blinke
leađgut	glimte
lebbet	bre ut
lebbet	folde ut
legaliseret	legalisere
legeret	legere
lehttohit	akselerere
leiket	skjenke
leiket	helle
leikošit	spøke
leikošit	vitse
lemmatiseret	lemmatisere
levereret	leverere
leveret	levere
libaidit	bevre
libaidit	skjelve
libaidit	glimte
liberaliseret	liberalisere
licensieret	licensiere
liegganit	bli varm
liekkadit	varme
ligget	varme
lignifiseret	lignifisere
lihccut	ekskludere
lihccut	oppsi
lihkadit	bevege seg
lihkadit	røre seg
lihkahit	røre
lihkahit	bevege
lihkkat	bevege seg
lihkkat	stå opp
lihkostuvvat	lykkes
lihttoláigohit	bortfeste
liibmet	lime
liigudit	avse
liikot	like
liktet	pusse
liktet	stryke
likvideret	likvidere
lisensieret	lisensiere
lisiteret	lisitere
lissat	skrante
litograferet	litografere
livdnet	utlikne
livkit	smette
livkit	fare
livvadit	ligge
livvut	legge seg
livzzistit	vakle
livzzistit	skjelve
liškkastit	skvette
liškkastit	skvulpe over
liškut	skvette
liškut	skvulpe over
loaggut	stabbe
loaggut	vagge
loahpahit	avrunde
loahpahit	sluttføre
loahppameannudit	sluttbehandle
loahppaárvvoštallat	sluttvurdere
loaiddastit	tre fram
loaktit	forbruke
loaktit	trives
loavdit	tekke
loavkašuhttit	fornærme
loavkašuhttit	såre
loavkidit	krenke
loavvat	være spandabel
loaŋkit	lage lyd med årene
logadit	lese lenge
logahallat	registrere
logeret	logere
loggut	flekke
lohkat	lese
lohkat	telle
lohkat	si
lohkkot	avregnes
lohpidit	love
lohppet	tykne
loikat	bli lunken
loktet	løfte
lombarderet	lombardere
lonet	låne
longeret	longere
lonistit	innløse
lonuhit	heve
lonuhit	bytte
lotnašuvvat	bli innløst
lotnut	betale
lotnut	løse ut
lovkidit	fornærme
lošeret	losjere
ložžet	slappe
ložžet	slakke
lubmet	plukke molter
luddestit	flekke fisk
luddet	kløyve
luistet	gå på skøyter
lukreret	lukrere
lukseret	luksere
luobahit	avhende
luobahit	avstå
luoddanit	sprekke
luoddanit	revne
luoddut	kløyve
luohpat	slutte
luohpat	gi opp
luohttit	stole på
luoibmat	jamre
luoikat	låne bort
luoikkahit	låne hos noen
luoitit	slippe
luoitit	løse
luoittihit	fare
luoittihit	kjøre svært fort
luokčat	meisle
luonddahuvvat	bli svak
luovdádit	sette flåer på garn eller not
luovvanit	løsne
luvdet	koste med sopelime
luvdet	sette flåer
luvvadit	bløyte
luvvadit	vanne ut
luvvat	bli bløytt
luvvat	utvannet
luvvedit	løsgjøre
luvvet	løse
lydisoleret	lydisolere
láddat	modnes
láddat	bli moden
láddet	legge til land
láddjet	slå gras
láddjet	skjære korn
lágastit	prosedere
lágidit	stelle
lágidit	ordne
lágidit	arrangere
láhppit	miste
láhppot	gå seg vill
láhttet	bære seg at
láhčit	re
láibmat	legge seg mer eller mindre flatt i vannet
láibut	bake brød
láidet	leie
láigohit	leie av noen
láikošit	late seg
láitit	klandre
láitit	kritisere
láittastuvvat	vantrives
láktat	bli fuktig
lállit	ruge
lámastuhttit	grave
lápmašuvvat	bli vanfør
lápmašuvvat	bli skadet
lápmut	bli vanfør
lápmut	bli skadet
lássahuvvat	blokkere seg
lávdadit	desentralisere
lávdat	spre seg utover
lávet	pleie
lávet	bruke
lávggodit	bade
lávgut	bade
lávket	ta et skritt
lávkut	skritte
lávlestit	synge litt
lávlut	synge
magasineret	magasinere
magnetiseret	magnetisere
makadamiseret	makadamisere
maksimaliseret	maksimalisere
maksimeret	maksimere
makuleret	makulere
maltrakteret	maltraktere
manahit	miste
manifesteret	manifestere
manikyreret	manikyrere
manipuleret	manipulere
mankeret	mankere
mannat	gå
mannat	dra
mannat	reise
manuduseret	manudusere
marginaliseret	marginalisere
marineret	marinere
markeret	markere
marmoreret	marmorere
maršeret	marsjere
maskineret	maskinere
maskuliniseret	maskulinisere
massakreret	massakrere
masseproduseret	masseprodusere
masseret	massere
massit	miste
mastadit	få blandet sammen reinen
mastat	blande seg sammen
masturberet	masturbere
materialiseret	materialisere
matteret	mattere
maŋidit	utsette
maŋidit	saktne
maŋŋekalkuleret	etterkalkulere
maŋŋálastit	rangere
maŋŋánit	bli sein
mašineret	maskinere
meaddit	tabbe
meaddádit	gjøre en feil
meaddádit	tabbe
meahkut	breke
meaidit	slå
meaidit	hogge
meaidit	meie
meallut	padle
mealtit	snakke over seg
meannudit	oppføre seg
meannudit	behandle
mearddástallat	fange fisk med ruse
mearkkašit	merke seg
mearkkašit	notere
mearkkašit	bety
mearkut	merke
mearrat	forlange
mearridit	bestemme
medicineret	medicinere
medisineret	medisinere
meleret	melere
memoreret	memorere
menestuvvat	lykkes
menstrueret	menstruere
meriteret	meritere
meritteret	merittere
merket	merke
merkot	legge merke til
meroštit	anslå
meroštit	definere
merrehit	rasjonalisere
merret	porsjonere
mestet	sylte
metalliseret	metallisere
miehtat	innrømme
miehtat	gå med på
mieigat	lene seg
mielvuolláičállit	parafere
mieskat	morkne
miettaštallat	fraråde
mieđihit	bifalle
mieđihit	erkjenne
mieđuštit	ledsage
mieđuštit	følge
mieđđut	råde
migreret	migrere
mihtidit	måle
mihttet	bemerke
mihttet	utheve
mihttodallat	dimensjonere
mikroskoperet	mikroskopere
militariseret	militarisere
millet	kverne
mineret	minere
miniatyriseret	miniatyrisere
minimaliseret	minimalisere
minimeret	minimere
missioneret	misjonere
mišoneret	misjonere
mišuneret	misjonere
moaitit	klage over
moardit	skyte
moaráskit	bli rasende
mobiliseret	mobilisere
moddját	smile
modelleret	modellere
modereret	moderere
modifiseret	modifisere
moduleret	modulere
mohkastit	svinge
mohkkasaddat	drible
moivašuvvat	bli rotete
moivašuvvat	grumset
moivet	rote
moivváskit	gjøre oppstyr
mojohallat	smile nå og da
molesteret	molestere
mollet	mose
molssodit	skifte
molsut	skifte
molsut	bytte
monoftongeret	monoftongere
monopoliseret	monopolisere
monteret	montere
moraliseret	moralisere
moraštit	sørge
morihit	våkne
mortifiseret	mortifisere
motoriseret	motorisere
mousseret	moussere
moveret	movere
movttidahttit	inspirere
movttiidahttit	oppmuntre
movttiidahttit	motivere
movttáskit	bli glad
movttáskit	bli oppmuntret
mošoneret	mosjonere
mošuneret	mosjonere
muddet	korrigere
muddet	moderere
muddet	regulere
muitalit	fortelle
muitit	huske
muitit	minnes
muittuhit	påminne
muittuhit	minne om
muktit	endre
muktit	forandre
mulgut	skule
muljeret	muljere
mulkteret	mulktere
multipliseret	multiplisere
mumifiseret	mumifisere
mumiseret	mumisere
muohkadit	bearbeide
muohkadit	videreforedle
muohttit	snø
muollat	belje
muollat	brøle
muosáhit	smake
muosáhit	oppleve
murdit	rygge
murjet	plukke bær
murret	sage eller hogge ved
musiseret	musisere
musseret	mussere
muteret	mutere
muŋkát	sture
mystifiseret	mystifisere
máguhit	krydre
máhcahit	tilbakeføre
máhcastit	brette
máhccat	snu
máhccat	vende tilbake
máhccut	brette
máhccut	bukke
máhttit	kunne
máidnut	rose
máidnut	prise
máinnastit	fortelle
máinnastit	fortelle eventyr
máinnašit	omtale
máinnašit	rose
máinnustit	annonsere
máistit	smake på
máizat	bli lunken
máksit	betale
máksit	koste
máksit	bety
málestit	lage middag
málet	male
málistit	lage middag
márfut	lage pølse
márrat	bruse
márrat	dure
márrat	innsige
mátkkoštit	reise
mátkkoštit	ferdes
mávssahit	hevne
mávssahit	gjengjelde
mávssihit	anvise
máŋget	kopiere
máŋget	mangfoldiggjøre
máššat	ta det med ro
máššat	dy seg
möbleret	möblere
møbleret	møblere
nagadit	greie
nagadit	klare
nagodit	klare
nahkehit	putte
nahkehit	stikke
nallasit	ikke makte økonomiske forpliktelser
namahit	nevne
nammadit	oppnevne
nammadit	omtale
namuhastit	nevne i forbifarten
namuhit	nevne
nannet	styrke
nannet	bekrefte
narkotiseret	narkotisere
nasaleret	nasalere
naturaliseret	naturalisere
navdit	kalle
navdit	mene
navdit	tro
navigeret	navigere
navvit	pirke
navvit	plukke
navválit	røyte
nazifiseret	nazifisere
nađđadit	skjefte
našonaliseret	nasjonalisere
neaskit	skrape skinn
neavttašit	spille
neavvut	formane
neavvut	gi råd
negeret	negere
negligeret	negligere
neglišeret	neglisjere
nettobudjeteret	nettobudjeterit
nettobudšetteret	nettobudsjettere
nettobušeteret	nettobudsjetere
nettobušetteret	nettobudsjettere
nevrošit	være slem
niegadit	drømme
nihttit	true
niktit	lokke
nimmorit	beklage
nirvonárvohallat	utføre grimaser
nirvut	grine
nirvut	se misfornøyd ut
nissut	snyte
nissut	snufse
nisttihit	være uheldig å
nitreret	nitrere
nitrifiseret	nitrifisere
nivelleret	nivellere
nivkalit	nikke
nivkut	nikke
njabbát	ha ørene bakover
njaldit	flekke
njaldit	flå
njaldit	rive av
njalpit	slure
njaláhastit	gli
njamahit	die
njamahit	gi bryst
njammat	suge
njammat	patte
njammat	sutte
njammat	absorbere
njaskut	gnage
njaskut	rive
njađđit	tråkle
njaŋgát	ligge utstrakt
njeaidit	velte
njeazzát	geipe
njeađgat	fyke
njiedjat	gå ned
njiedjat	dale
njielastit	svelge
njiellat	svelge
njiellat	sluke
njihkut	pipe
njihkut	kvine
njirrat	rase
njivžut	flamme opp
njivžžihit	flamme opp
njoallut	slikke
njoarostit	kaste lasso
njoarrat	skjenke
njoarrat	tappe
njolggástit	trave
njorrestit	skjenke
njorret	skjenke
njuiket	hoppe
njuikkodit	hoppe
njuikut	hoppe
njulget	rette ut
njulget	glatte ut
njuohpagoahtit	dra not på land
njuohpat	dra noten helt på land
njuohppat	spinne
njuordásit	prisgi
njuoskadit	bløyte
njuoskadit	væte
njuoskat	bli våt
njuovadit	slakte
njuovvat	slakte
njuovvat	flå
njurggodit	plystre
njurgut	plystre
njurgut	fløyte
njurjet	fange sel
njuvdit	kline
njuvdit	smøre
njáhkat	smyge
njálbmut	være stor i kjeften
njámmat	sope
njámmat	feie
njámmat	kveile opp
njárbudit	spe
njáskat	kviste
njáskat	rydde mark
njávgit	mjaue
njávgut	mjaue
njávkat	stryke med handa
njávkkadit	stryke
noahkut	presumere
noastalit	trekke not
noastit	trekke not på land
noavkkuhit	støvsuge
noađuhit	belaste
noddet	nå
noddet	rekke
nohkat	ta slutt
nohkat	ende
nohkkat	sovne
nohkkat	sove
nohkkot	bli fri for
nollát	sitte på huk
nomadiseret	nomadisere
nomineret	nominere
nordadit	puffe
nordadit	støte
nordat	puffe
nordat	støte
normaliseret	normalisere
normeret	normere
noteret	notere
notifiseret	notifisere
notkat	stoppe
notkat	dytte igjen
novket	støvsuge
nummereret	nummerere
nuohttut	fiske med not
nuohttut	sette ut not
nuohtástallat	fiske med not
nuohtástit	bruke not
nuoladit	kle av seg
nuolahit	kle av noen
nuollat	vikle opp
nuollat	kle av
nuorrahuvvat	sløves
nuossat	være i ne
nuppástuhttit	forandre
nuppástuhttit	omstille
nuppástuvvat	forandre seg
nuvkkihit	nikke
nyanseret	nyansere
nágget	krangle
nágget	påstå
náhkkádit	jule opp
náitalit	gifte seg
nákkáhaddat	krangle
nárrohaddat	krangle
nárrohaddat	være sur
návddašit	nyte
návddašit	smake
návlet	slå påler
náđđut	krype sammen
náđđut	trykke
nøytraliseret	nøytralisere
oaffaruššat	ofre
oaggut	fiske
oaguhit	forfølge
oahcudit	berolige
oahcut	beroliges
oahkut	gå sakte
oahpadit	se til garn
oahpahit	undervise
oahpahit	lære
oahppat	lære
oahppat	se etter fangst
geasuhit	tiltrekke
lahkonit	nærme seg
ovttastallat	være sammen
oahpástuvvat	bli kjent
oahpásmuvvat	bli kjent
oaidnalit	sees
oaidnit	se
oaivvildit	mene
oaivvildit	ta stilling til
oalgguhit	oppmuntre
oalgguhit	friste
oamastit	tilegne seg
oassálastit	delta i
oastalit	ville kjøpe
oastit	kjøpe
oasttihit	får noen til å kjøpe
oazistit	sette stengsel
oađđit	sove
oažžut	få
obduseret	obdusere
objektiveret	objektivere
observeret	observere
obstrueret	obstruere
offereret	offerere
ohcalit	savne
ohcalit	lengte etter
ohcat	leite
oidit	preferere
oidnot	synes
okkulteret	okkultere
okkuperet	okkupere
oksideret	oksidere
oksyderet	oksydere
oktoráđđet	dominere
okuleret	okulere
olahit	rekke
olahit	nå
olggosaddit	utgi
olggosgolludit	utgiftsføre
olgguštit	diskriminere
olgguštit	tilsidesette
ollašuhttit	fullføre
ollet	nå fram
ollit	nå
ollit	rekke
olmmáštallat	gjøre seg til
onaneret	onanere
onduleret	ondulere
opaliseret	opalisere
operašonaliseret	operasjonalisere
operašunaliseret	operasjonalisere
oppastit	generalisere
opteret	optere
optimaliseret	optimalisere
optimeret	optimere
ordineret	ordinere
ordnet	ordne
ordnet	sortere
orienteret	orientere
orkestreret	orkestrere
ornamenteret	ornamentere
orrut	være
orrut	bli
orrut	bo
orrut	synes
orustahttit	sette til side
orustit	stanse
orustit	stoppe
oscilleret	oscillere
oskkildit	tiltro
oskut	tro
ostet	barke
ostet	garve
ovdaláigohit	framfeste
ovdanbuktit	legge fram
ovdanbuktit	presentere
ovdandoallat	anføre
ovdandoallat	framholde
ovddastit	forestå
ovddastit	representere
ovddidit	fremme
ovdánit	utvikle seg
ovdánit	gå framover
ovdánit	avansere
ovttaiduhttit	integrere
ovttastahttit	forene
ovttastahttit	inkorporere
ovttastahttit	kombinere
ođasmahttit	oppdatere
ođasmahttit	fornye
ođastit	fornye
pagineret	paginere
palataliseret	palatalisere
palleteret	palletere
palperet	palpere
panegyreret	panegyrere
paneret	panere
panoreret	panorere
paraderet	paradere
paraferet	parafere
parafineret	parafinere
parafraseret	parafrasere
paragraferet	paragrafere
parallelliseret	parallellisere
paralyseret	paralysere
parasitteret	parasittere
parcelleret	parcellere
pareret	parere
parfymeret	parfymere
parkeret	parkere
parlamenteret	parlamentere
parleret	parlere
parodieret	parodiere
parselleret	parsellere
parteret	partere
participeret	participere
partisiperet	partisipere
pasifiseret	pasifisere
passeret	passere
passiveret	passivere
passiviseret	passivisere
pasteuriseret	pasteurisere
pastöriseret	pastörisere
patenteret	patentere
patineret	patinere
patroniseret	patronisere
patruljeret	patruljere
pauseret	pausere
pelleteret	pelletere
penetreret	penetrere
pensioneret	pensionere
penšoneret	pensjonere
penšuneret	pensjonere
perenneret	perennere
perfekšoneret	perfeksjonere
perfekšuneret	perfeksjonere
perforeret	perforere
pergamenteret	pergamentere
perkoleret	perkolere
perkuteret	perkutere
permitteret	permittere
permuteret	permutere
persifleret	persiflere
persiperet	persipere
persisteret	persistere
personifiseret	personifisere
perspireret	perspirere
perturberet	perturbere
perverteret	pervertere
pigmenteret	pigmentere
piruetteret	piruettere
planeret	planere
plasseret	plassere
platineret	platinere
plederet	pledere
pletteret	plettere
plisseret	plissere
plomberet	plombere
poengteret	poengtere
poetiseret	poetisere
pokuleret	pokulere
polariseret	polarisere
polemiseret	polemisere
poleret	polere
politiseret	politisere
pollineret	pollinere
polymeriseret	polymerisere
pomadiseret	pomadisere
poneret	ponere
populariseret	popularisere
portretteret	portrettere
poršoneret	porsjonere
poršuneret	porsjonere
poseret	posere
posišoneret	posisjonere
posišuneret	posisjonere
postdateret	postdatere
posteret	postere
postuleret	postulere
potenseret	potensere
pošeret	posjere
praktiseret	praktisere
preciseret	precisere
predestineret	predestinere
predetermineret	predeterminere
predikeret	predikere
predisponeret	predisponere
prefabrikkeret	prefabrikkere
prefereret	preferere
prekaveret	prekavere
preluderet	preludere
premieret	premiere
prentet	prente
prenumereret	prenumerere
prepareret	preparere
presenteret	presentere
preserveret	preservere
presideret	presidere
presiseret	presisere
preskriberet	preskribere
presteret	prestere
presumeret	presumere
presupponeret	presupponere
pretenderet	pretendere
privatiseret	privatisere
privilegeret	privilegere
priviligeret	priviligere
proberet	probere
problematiseret	problematisere
procederet	procedere
processeret	processere
produseret	produsere
profaneret	profanere
professionaliseret	professionalisere
profeteret	profetere
profešonaliseret	profesjonalisere
profiteret	profitere
profitteret	profittere
prognoseret	prognosere
prognostiseret	prognostisere
programmeret	programmere
projekteret	projektere
projiseret	projisere
proklameret	proklamere
proletariseret	proletarisere
prolongeret	prolongere
promeneret	promenere
promoveret	promovere
promulgeret	promulgere
proneret	pronere
pronominaliseret	pronominalisere
propaganderet	propagandere
propageret	propagere
proponeret	proponere
proporšoneret	proporsjonere
proporšuneret	proporsjonere
prosederet	prosedere
prosesseret	prosessere
proskriberet	proskribere
prospekteret	prospektere
prostitueret	prostituere
protegeret	protegere
protešeret	protesjere
protokolleret	protokollere
provianteret	proviantere
provideret	providere
provoseret	provosere
prošekteret	prosjektere
psykoanalyseret	psykoanalysere
publiseret	publisere
pulseret	pulsere
punkteret	punktere
rabatteret	rabattere
raderet	radere
radieret	radiere
radikaliseret	radikalisere
rahkat	parre seg
rahpat	åpne
rahpat	lukke opp
rahtasit	rakne
rahtat	sprette opp
rahtat	flerre
rahčat	streve
raljeret	raljere
ramponeret	ramponere
rangeret	rangere
rapmaduvvat	bli kvalm
raporteret	raportere
rappelleret	rappellere
rapporteret	rapportere
raseret	rasere
rassat	streve
rassat	holde på
rassehit	ruse
rasttildit	krysse
ratifiseret	ratifisere
ravdet	fase
ravgat	falle over ende
ravgat	sprette
ravget	rykke
ravget	slite
ravgut	rykke
ravgut	slite
ravkit	slå
raŋihit	rykke
rašonaliseret	rasjonalisere
rašoneret	rasjonere
rašuneret	rasjonere
reageret	reagere
reaktiveret	reaktivere
reakčanit	bli bulket
reassureret	reassurere
reavgit	rape
reaškit	skratte
rebelleret	rebellere
recenseret	recensere
recirkuleret	recirkulere
reciteret	recitere
redigeret	redigere
redupliseret	reduplisere
reduseret	redusere
refereret	referere
refleksefiseret	refleksefisere
reflekseviseret	refleksevisere
reflekteret	reflektere
refunderet	refundere
refuseret	refusere
regaleret	regalere
regenereret	regenerere
regisseret	regissere
registreret	registrere
regjeret	regjere
reglementeret	reglementere
regulariseret	regularisere
regummeret	regummere
regummieret	regummiere
rehabiliteret	rehabilitere
rehkenastit	regne
reidet	foredle
reikedit	spasere att og fram
reinvesteret	reinvestere
rejiseret	rejisere
rekapituleret	rekapitulere
rekognoseret	rekognosere
rekommanderet	rekommandere
rekonstrueret	rekonstruere
rekreeret	rekreere
rekruteret	rekrutere
rekrutteret	rekruttere
rekryteret	rekrytere
rektifiseret	rektifisere
rekvireret	rekvirere
relateret	relatere
relativiseret	relativisere
relegeret	relegere
relokeret	relokere
remburseret	rembursere
reminiseret	reminisere
remiseret	remisere
remiteret	remitere
remitteret	remittere
remonteret	remontere
remplasseret	remplassere
renonseret	renonsere
renoveret	renovere
organiseret	organisere
reorganiseret	reorganisere
repatrieret	repatriere
repeteret	repetere
repliseret	replisere
representeret	representere
reproduseret	reprodusere
reserveret	reservere
resideret	residere
residiveret	residivere
resigneret	resignere
resiperet	resipere
resirkuleret	resirkulere
resisteret	resistere
resiteret	resitere
resocialiseret	resocialisere
resolveret	resolvere
resorberet	resorbere
resosialiseret	resosialisere
respekteret	respektere
respireret	respirere
responderet	respondere
resteret	restere
restitueret	restituere
resulteret	resultere
resumeret	resumere
resymeret	resymere
retarderet	retardere
retineret	retinere
retireret	retirere
returneret	returnere
retušeret	retusjere
revalueret	revaluere
revanšeret	revansjere
reverseret	reversere
revideret	revidere
revlet	revle
revolteret	revoltere
revolušoneret	revolusjonere
revolušuneret	revolusjonere
reágeret	reagere
reŋgot	arbeide som dreng
ribadit	strides om
ribahit	miste
riedjadit	skråle
riedjat	skråle
riegádit	fødes
riepmat	begynne
riessat	frynse
riessut	frynse
rievdadit	forandre
rievdat	drive
rievdat	reke
rievdat	forandre seg
rigeret	bråke
riggudit	anrike
rihkkuhit	serratere
rihkkut	overtre
rihkkut	bryte
rihkkut	misligholde
rihkustit	forse
rihttet	partere slakt
riidalit	krangle
riidet	ri
riidit	nekte
riidit	forhindre
rikošetteret	rikosjettere
riposteret	ripostere
risikeret	risikere
risket	risikeret
risset	belegge laksestengsel med ris
ristorneret	ristornere
risttašit	stadfeste hjemmedåp
ritualiseret	ritualisere
rivaliseret	rivalisere
rivvet	røve
rivvet	ta med makt
rivvet	tackle
riŋget	ringe
riškalit	yte et lite bidrag
riššat	sprute
riššat	frese
riššudit	dusje
roahkastit	huke
roahkastit	krøke
roahkkasit	huke seg fast
roaibut	grine
roaibut	geipe
roaiskut	piske
roakčanit	bli bulket
roasmmohuvvat	skade seg
roasmmuhuvvat	bli skadet
roasmmuhuvvat	skade seg
roaŋgut	snakke strengt
roaškut	slå
roaškut	smelle
robotiseret	robotisere
rocket	rocke
roggat	grave fram
roggat	grave opp
rohcošit	drive utukt
rohkadallat	be
rohkkáhit	angripe
rohkut	brøle
rohtašuvvat	ligne på
rohtašuvvat	slektes på
rohtašuvvat	bli dradd
rohttet	rykke
rohttet	komme på
rohčasit	drive sammenvaset
rokeret	rokere
romaniseret	romanisere
romantiseret	romantisere
romsteret	romstere
roteret	rotere
rubriseret	rubrisere
ruhtadit	finansiere
ruineret	ruinere
rulleret	rullere
rumsteret	rumstere
rundit	slite
rundit	slepe
runiidit	bli grønn
ruodjat	skråle
ruodjat	snakke høyt
ruohkkat	klø
ruohkkat	klore
ruohtastit	løpe avgårde
ruohttat	løpe
ruohčat	knake
ruoidnat	bli mager
ruostut	ruste
ruostut	bli rusten
ruovgat	grynte
ruovgat	snøfte
ruoškit	knake
russifiseret	russifisere
russut	frese
russut	fnyse
rustifiseret	rustifisere
ruvgalit	fare i en rekke
ruvjet	partere
ruvssodit	rødme
ruvssodit	bli rød
ruvvet	gni
ruvvet	massere
ruđahuvvat	komme i likviditetsvansker
rábmot	skryte
rábmot	rose
ráddjet	begrense
ráddjot	lagres
rádjat	ta vare på
rádjat	oppbevare
rádjat	ordne
ráfáiduhttit	frede
ráhkadit	lage
ráhkistit	elske
ráhkistit	være glad i
ráhkkanit	gjøre seg klar
ráhkket	barbere
ráhkut	harke
ráhput	skrape
ráhput	rake
ráhtat	skramle
ráhtat	slamre
ráigat	lage hull
ráigánit	bli hullet
ráivut	kave
ráivut	famle
rámidit	rose
rámidit	prise
rámškut	flakse
rámškut	vifte
rátkit	skille
rátkit	skille rein
rávdat	trekke
rávkat	vekke
rávkat	be om
rávvestit	gi råd
rávvestit	råde
rávvet	formane
ráđđet	råde
ráđđet	herske
ráđđet	få ha i fred
ráđđádallat	drøfte
ráđđádallat	konferere med
ráđđádallat	konsultere
ráŋggáštit	straffe
røntgenfotograferet	røntgenfotografere
sabmát	skimtes i det fjerne
saboteret	sabotere
sadjit	bryne
sadjit	file
sahkanit	bli unnfanget
sahkat	puste
sahkat	pese
saidnat	hikste
sajáiduhttit	installere
sajáiduvvat	tilpasse seg
sajálduhttit	installere
sakŋidit	klø
salgat	tine
sallut	favne
sallut	omfavne
saluteret	salutere
salutteret	saluttere
sanforiseret	sanforisere
satineret	satinere
satiriseret	satirisere
satisfiseret	satisfisere
sattáhaddat	sveve
savdnjilit	riste
savdnjit	riste
savkalit	hviske
savkkástaddat	hviske
seaguhit	blande
seaguhit	legere
seahkanit	bli blandet
seahkanit	rotet
seahkanit	bli sinnsforvirret
seahkut	sette ekstra med ris
seailluhit	forvare
seailut	bevares
seailut	klare seg
seaivut	dale ned
seaivut	sveve
sealgat	somle seg til
sealgádit	jule
sealgádit	banke opp
searaiduvvat	flinkere
searvat	slutte seg sammen
seastit	spare
seatnat	tilpasse seg
seavvit	vinke
sedimenteret	sedimentere
segmenteret	segmentere
segregeret	segregere
sehkket	blande
seksdebuteret	seksdebutere
sekulariseret	sekularisere
sekunderet	sekundere
sekšoneret	seksjonere
sekšuneret	seksjonere
selekteret	selektere
semaforeret	semaforere
sementeret	sementere
semineret	seminere
sensureret	sensurere
sentimentaliseret	sentimentalisere
sentraliseret	sentralisere
sentreret	sentrere
sentrifugeret	sentrifugere
sentrifuget	sentrifuge
separeret	separere
serrateret	serratere
sertifiseret	sertifisere
serveret	servere
sesongdebuteret	sesongdebutere
sevlet	sikte
sevnnjodit	bli mørkt
sierranit	skilles
sierranit	skille seg ut
siffreret	siffrere
sifreret	sifrere
signaleret	signalere
signaliseret	signalisere
signeret	signere
sihkkarastit	sikre
sihkkelastit	sykle
sihkkut	tørke
sihkkut	stryke ut
sihkkut	fjerne
sihtat	ville ha
sihtat	ønske
sillet	sile
simplifiseret	simplifisere
simuleret	simulere
sirddáldahttit	desentralisere
sirdit	flytte
sirkuleret	sirkulere
sirret	skille
sirret	sortere
sisabuktit	innføre
sisafievrridit	innføre
sisagáibidit	innkreve
sisačálihuvvot	innmeldes
siseleret	siselere
siteret	sitere
sivahallat	anklage for
sivahallat	påtale
sivdnidit	skape
sivdnidit	signe
siviliseret	sivilisere
sivladit	telne inn garn
siđvát	myse
skaleret	skalere
skalperet	skalpere
skamferet	skamfere
skandaliseret	skandalisere
skanderet	skandere
skarifiseret	skarifisere
skeaikit	skratte
skeartnjagit	bli brunsvidd
skeletteret	skelettere
skeŋket	forære
skeŋket	gi
skierbmut	halte
skihkket	behefte
skihpat	skrante
skillat	klinge
skillat	klirre
skirvehit	svinge brått
skisseret	skissere
skjeletteret	skjelettere
skjematiseret	skjematisere
skoahčat	rasle
skoađastit	panele
skoleret	skolere
skraveret	skravere
skreddereret	skredderere
skuhrrat	snorke
skulpteret	skulptere
skurbat	pirke
skurbat	grave
skuvttet	vrake
skvadroneret	skvadronere
skádjat	gjenlyde
skáidnet	rispe
skáidnet	skjære
skálbmet	hogge i stykker
skállat	skramle
smiehttat	tenke
smiehttat	fundere
smievrut	mørne
smirezastit	tygge drøv
snealkut	glefse
snekkereret	snekre
snelket	glefse
sniehpput	unnvike
snoallat	snakke stygt
snorrat	snurpe sammen
snuoggat	snuse på
snuoggat	snuse etter
soabadit	inngå forlik
soabahit	mekle
soabastuvvat	gå an
soahpat	passe
soahpat	høve
soahpat	bli enig
soahtat	kjempe
soahtat	krige
soaibmat	skjelle ut
soaigit	kvekke
soaigit	gyse
soaitit	kanskje
soaitit	tilfeldigvis komme til å
soallut	pirke tennene
soalsidit	sikle
soalsidit	slevje
soardit	undertrykke
soardit	skamfere
socialiseret	socialisere
sodjat	bøye seg
sohpat	skave
sohpat	gnage kjøtt av beinet
sojahit	bøye
solidariseret	solidarisere
solliciteret	sollicitere
sollisiteret	sollisitere
solmiseret	solmisere
sonderet	sondere
sorbmanit	omkomme
sorbmet	myrde
sorbmet	drepe
sordineret	sordinere
sorjalit	henge
sorját	henge
sorrat	vase sammen
sorrot	bli flokete
sosialiseret	sosialisere
spaigat	splintre
spanderet	spandere
spankuleret	spankulere
sparaidit	dirre
sparaidit	vibrere
spargit	dirre
spargit	rykke
sparkelastit	sparkle
spaseret	spasere
spatseret	spatsere
speadjat	plyndre
speadjat	herje
speallat	spille
speallat	spille kort
speažžut	daske
speažžut	slå
specialiseret	specialisere
spesialiseret	spesialisere
spesifiseret	spesifisere
spežžet	daske
spiehkastit	fravike
spiraliseret	spiralisere
spoahkkalit	smelle
spoahkkalit	smekke
spoleret	spolere
spárkat	få skrekk for
stabiliseret	stabilisere
stafferet	staffere
stagneret	stagnere
staigat	slå seg til ro
staigat	avta
stajidit	herje
stajidit	plyndre
standárdiseret	standardisere
stargadit	støtte
statueret	statuere
stašoneret	stasjonere
stašuneret	stasjonere
steiket	steike
stellet	stelle
stellet	ordne
stellet	plassere
stencileret	stencilere
stenograferet	stenografere
stenografet	stenografe
stenográfet	stenografere
stensileret	stensilere
stereotyperet	stereotypere
steriliseret	sterilisere
steŋget	gjøre sildesteng
stielgudit	spjelke
stigmatiseret	stigmatisere
stiivet	stive tøy
stiliseret	stilisere
stipuleret	stipulere
stirdut	stivne
stivret	styre
stoahkat	støye
stoahkat	leke
stoltseret	stoltsere
stranguleret	strangulere
stratifiseret	stratifisere
stuhčat	plaske
stuhčat	skvulpe
stuibmidit	bråke
stulljašuvvat	bli uklar
stunžet	plaske
stuoridit	forstørre
stuoriduvvot	forstørres
stuorrut	bli stor
stuorámustit	maksimere
stuorásmuvvat	bli større
stávet	stave
stáđásmuvvat	bli stødig
stáŋget	lage laksestengsel
sublimeret	sublimere
submet	summere
subordineret	subordinere
subsidieret	subsidiere
subskriberet	subskribere
substantiveret	substantivere
substitueret	substituere
subsumeret	subsumere
subtraheret	subtrahere
subveneret	subvenere
suddadit	smelte
suddat	smelte
suddat	tine
suddjet	beskytte
sudjadit	begrunnet
suffigeret	suffigere
suffikseret	suffiksere
suffleret	sufflere
sugadit	gynge
suggereret	suggerere
suhkat	ro
suhkat	gynge
suhpodit	sette ut, kaste drivgarn
suhppet	kaste
suhppet	sette ut
suhttat	bli sint
suidnet	senne
suitit	ha råd til
suivvastuvvat	kjede seg
sujahaddat	beskylde
suksederet	suksedere
summeret	summere
suodjalit	verne
suodjalit	beskytte
suohkudit	jevne
suohpput	kaste
suohpput	sette ut garn, line, not
suohtastallat	more seg
suoibut	vakle
suoibut	sjangle
suokkardit	granske
suolbmudit	fordøye
suoládit	stjele
suonjardahttit	stråle
suonjardit	stråle
suorganit	bli redd
suorganit	forskrekket
suorggahit	skremme
suoskat	tygge
suostat	forsømme
suovastit	ryke
suovastit	røyke
suovganit	bli slitt
suovvat	tillate
suovvat	gi lov
suođđat	lekke luft
superet	supere
supineret	supinere
suppleeret	suppleere
suppleret	supplere
supplikeret	supplikere
supplikkeret	supplikkere
supponeret	supponere
supprimeret	supprimere
surggiidit	dele seg
surggiidit	bli avledet
suspenderet	suspendere
sustilit	snuse på
suteneret	sutenere
suvdit	ferge
suvdit	frakte i båt
suvjadit	snurre opp juksa
suvlet	gi smak til mat
suvrut	bli sur
suvvolastit	bli disig
suđđit	ovnssteke
sveiset	sveise
symboliseret	symbolisere
sympatiseret	sympatisere
synkoperet	synkopere
synkroniseret	synkronisere
syntetiseret	syntetisere
sáddet	sende
ságastallat	snakke sammen
ságaškuššat	drøfte
sáhcut	ripe
sáhtašit	skysse
sáhttit	kunne
sáhttit	ha høve til
sáimmastallat	fiske med finmasket garn
sáktet	safte
sálket	tømme
sálket	tappe
sáltet	salte
sámástit	snakke samisk
sánuhit	diktere
sárdnidit	preke
sárdnidit	tale
sárdnut	tale
sárgut	streke
sárgut	tegne
sárgut	risse
sátnádit	formulere seg
sávvat	ønske
tabellariseret	tabellarisere
tabuleret	tabulere
takseret	taksere
takteret	taktere
tangeret	tangere
tapetseret	tapetsere
tatoveret	tatovere
tatueret	tatuere
teknifiseret	teknifisere
tekstureret	teksturere
telefoneret	telefonere
telekseret	teleksere
telemetreret	telemetrere
tematiseret	tematisere
tempereret	temperere
tenderet	tendere
terrasseret	terrassere
terroriseret	terrorisere
testamenteret	testamentere
testamentet	testamentere
tevdnet	tegne
tiltet	tilte
titreret	titrere
tituleret	titulere
tolereret	tolerere
torpederet	torpedere
torteret	tortere
tortureret	torturere
trabeleret	trabelere
traderet	tradere
trafikeret	trafikere
trafikkeret	trafikkere
trakasseret	trakassere
trakteret	traktere
transfereret	transferere
transfigureret	transfigurere
transformeret	transformere
transfunderet	transfundere
transistoriseret	transistorisere
transiteret	transitere
transitiveret	transitivere
transitteret	transittere
transkriberet	transkribere
translittereret	translitterere
transmitteret	transmittere
transpireret	transpirere
transplanteret	transplantere
transponeret	transponere
transporteret	transportere
tranšeret	transjere
traseret	trasere
trasseret	trassere
traverseret	traversere
travesteret	travestere
tremuleret	tremulere
treneret	trenere
trianguleret	triangulere
triumferet	triumfere
trivialiseret	trivialisere
tuperet	tupere
turneret	turnere
tušeret	tusjere
typifiseret	typifisere
typiseret	typisere
typologiseret	typologisere
táhpet	tape
udnot	unne
uhccut	bli mindre
uhccut	minske
uhcidit	forminske
uhkidit	true
uniformeret	uniformere
universaliseret	universalisere
unnidit	forminsk
unniduvvot	forminskes
unnut	minske
unnut	bli mindre
urbaniseret	urbanisere
urgeret	urgere
urineret	urinere
usurperet	usurpere
uŋggardit	ha matlyst
uštet	dorge
uštit	dorge
vadjat	klippe
vadjat	skjære
vadjat	lokke
vagabonderet	vagabondere
vahágahttit	skade
vajáldahttit	glømme
vajálduhttit	overse
vajálduhttit	glemme
vaksineret	vaksinere
vaksit	øke
vakuumdovdnjet	vakuumpakke
valanderet	valandere
valideret	validere
validiteret	validitere
valuteret	valutere
valveret	valvere
valástallat	drive idrett
valáštallat	drive idrett
vanahit	strekke
vanahit	tøye
vandaliseret	vandalisere
vardit	blø
vatnat	tøyes
vatnat	strekke seg
vatteret	vattere
vavdadit	henge fast
vavdat	stamme
vavdat	stotre
vavdat	bli sittende fast
vavddadit	sette seg fast
vavddadit	stamme
vašáskit	bli rasende
veaddit	holde i tjor
veadjehahttit	sannsynliggjøre
veadjit	orke
veadjit	greie
veadjit	kanskje
veagaiduhttit	bemanne
veahkadit	befolke
veahkehit	hjelpe
veahkehit	assistere
veajahahttit	klekke
veajuiduhttit	styrkes
vealahit	diskriminere
vealahit	berøve
veallánit	legge seg
veallát	ligge
vealtat	unngå
vealččehit	vrikkes
veardidit	sammenligne
vearránit	bli verre
vearuhit	beskatte
veavdit	vente
veavdit	hale med seg
vegeteret	vegetere
veiggodit	skumre
veiggodit	mørkne
velggohit	gi kreditt
velgohit	få på kreditt
velledit	legge seg litt
ventileret	ventilere
verbaliseret	verbalisere
verdnet	male
verifiseret	verifisere
vernaliseret	vernalisere
verrošit	være uærlig
verrošit	vrien
verseret	versere
versifiseret	versifisere
vibreret	vibrere
viehkalit	løpe avgårde
viehkat	løpe
viessat	bli trøtt
vievgŋadit	drive fast garn
vievgŋat	sette seg fast i noe i vannet
viežžat	hente
viežžat	laste ned
viggat	prøve
viggat	streve
vigileret	vigilere
vihahit	vie
vihahit	innvie
vihkkedallat	resonnere
viiddidit	utvide
viidánit	spre seg
viidánit	utvide seg
vikarieret	vikariere
vilggodit	blekne
vilggodit	bli hvit
vilppastit	kaste et blikk
vilppastit	tjuvtitte
vindiseret	vindisere
virgádit	ansette
virgáibidjat	ansette
viriliseret	virilisere
viseret	visere
visiteret	visitere
vispet	vispe
visttehuvvat	miste muligheten for å få laks
vitaliseret	vitalisere
vitaminiseret	vitaminisere
vivisekeret	vivisekere
vizardit	kvitre
viššat	orke
viššat	gidde
vokaliseret	vokalisere
volteret	voltere
voltigeret	voltigere
vomeret	vomere
voteret	votere
vulgariseret	vulgarisere
vulkaniseret	vulkanisere
vuodjat	svømme
vuodjit	kjøre
vuodjit	drive
vuodjudit	senke
vuodjut	synke
vuogádahttit	systematisere
vuohkadit	true
vuohppát	hamle
vuohppát	skåte
vuohppášit	ro baklengs
vuohttit	finne spor
vuohttit	følge spor
vuohttut	vogge
vuohčut	piple
vuohčut	smelte
vuoidat	smøre
vuoigaduhttit	berettige
vuoigatvuođavuođđudit	hjemle
vuoigŋat	puste
vuoisat	kjennes
vuoitit	vinne
vuoittáhallat	tape
vuoiŋŋastit	hvile
vuojašit	kjøre stadig
vuojehit	drive
vuojehit	jage
vuojihit	frakte
vuojuhit	senke
vuoksat	nå bunn
vuoksit	spy
vuolggahit	få i gang
vuolggahit	sende av sted
vuolgit	dra
vuolgit	reise av sted
vuolidahttit	avskrive
vuolidit	senke
vuolildit	smyge under garn eller not
vuollat	spikke
vuollánit	resignere
vuollánit	gi opp
vuollástit	annektere
vuollástit	okkupere
vuorbádit	kaste lodd
vuorbádit	trekke lodd
vuordit	vente
vuordnut	sverge
vuordnut	avlegge ed
vuorjat	plage
vuorjat	sjenere
vuortnuhit	plage
vuortnuhit	tvinge
vuortnuhit	presse
vuoruhit	prioritere
vuosehit	vise
vuostejienastit	kontravotere
vuosttaldit	protestere
vuosttaldit	motarbeide
vuosttaldit	opponere mot
vuostálastit	protestere
vuostálastit	gjøre motstand
vuovdalit	markedsføre
vuovdit	selge
vuovssadit	spy
vuovssuhit	få til å nå bunn
vuođuštit	begrunne
vuođđudit	grunnlegge
vuođđuduvvot	konstituere seg
vuoššat	koke
vurderet	vurdere
vurdet	ha i saltlake
vurket	oppbevare
vurket	lagre
vustet	yste
váccašit	spasere
váccihit	flytte
váccášit	spasere
vádjolit	vandre
váfistit	sikre
váibat	bli trøtt
váidalit	klage
váidalit	beklage
váidit	klage
váidit	anklage
váidit	anmelde
váidudit	dempe
váidudit	modifisere
váikkuhit	virke
váikkuhit	påvirke
váillahit	savne
váilut	mangle
váivašuvvat	plages
vákšut	granske nøye
válbmanit	bli ferdig
válddahit	beskrive
váldit	ta
válljet	velge
vánddardit	vandre
vánddardit	streife
várašit	reservere
várdát	speide
várdát	holde utkik
várjalit	forsvare
várjalit	beskytte
várret	advare
várret	sette av
váruhit	passe på
váruhit	passe seg for
váruhit	advare
várvet	dreie
vásihit	erfare
vásihit	oppleve
vássit	svinne
vássit	gå
vástidit	svare
vávjit	mistenke
vávjit	kritisere
vázzilit	begynne å gå
vázzit	gå
vázzit	spasere
xerograferet	xerografere
xylograferet	xylografere
ábbut	koke over
ábuhit	nytte
ábuhit	gagne
áddehaddat	forstå hverandre
áddestaddat	herme
áddet	forstå
ádjit	jage
ádjit	drive
ádjánit	bli heftet
ádjánit	bruke tid
áhcagastit	gløde
áhtat	komme seg
áhtat	bli bedre
áhčástaddat	bruke benevnelsen far til noen
áibadit	gjøre at noe forsvinner
áibat	bli forsinket
áibbašit	lengte
áicat	oppdage
áidut	inngjerde
áigodahttit	periodisere
áigut	skulle
áigut	ville
áigut	ville ha
áimmahuššat	holde i hevd
áimmahuššat	ta vare på
áitalastit	opptre med ringer rundt seg
áitit	true
áittardit	passe på saker
áittardit	skaffe
áittardit	sørge for
ájahaddat	somle
ájihit	hefte bort
ákkastit	komme med argumenter
áktet	respektere
áktet	bry seg om
álddagastit	lyne
álggahit	få i gang
álgit	begynne
álkidahttit	forenkle
álmmehuvvat	bli kraftløs
álmmuhit	annonsere
álmmuhit	avertere
ánssášit	fortjene
ánuhit	tigge
ánuhit	bønnfalle
árbet	arve
árkkálmastit	synes synd på
árkkálmastit	forbarme seg over
árkkášit	synes synd på
árpmihit	forbarme seg
árvalit	foreslå
árvalit	ymte
árvidit	skjønne
árvidit	gjette
árvogierragahttit	verdimakismere
árvvohuvvat	bli verdiløs
árvvohuššat	krangle
árvvosmahttit	stimulere
árvvoštallat	bedømme
árvvoštallat	kritisere
árvvoštallat	vurdere
árvvusatnit	respektere
áráskit	bli tirret
árástuvvat	bli øm
ásahallat	regulere
ásahit	etablere
ásahit	ordne
ásahit	innrette
ássat	bo
átnut	be
átnut	tigge
ávkkuhit	nytte
ávkkuhit	gagne
ávkkárduvvat	dra nytte
ávkkástallat	utnytte
ávnnaldit	angle
ávvudit	feire
ávvudit	fryde seg
ávžžuhit	oppfordre
áŋkorastit	ankre
áššehuhttit	frikjenne
áššehuvvot	frifinnes
áššečuoččaldahttit	reise søksmål
áššečuoččuhit	saksøke
áššáskuhttit	skylde på
áššáskuhttit	anklage
áššáskuhttojuvvot	saksøkes
áššáskuvvat	bli erklært for skyldig
áššásskuhttit	anklage
čagalduhttit	kile
čaibmat	le
čaibmat	flire
čalgat	synke gjennom
čalmmehuvvat	bli blind
čalmmehuvvat	få svakt syn
čalmmástuvvat	bli lei
časkit	slå
čatnat	binde
čatnat	forbinde
čatnat	kople
čavdet	lappe
čađahit	gjennomføre
čeargut	brøle
čeargut	tordne
čeassat	gli
čeassat	skli
čeret	fiske
čerget	brøle
čerget	tordne
čevllohaddat	være overlegen
čiehkat	gjømme
čiehkádit	gjømme seg
čiehkástallat	leke gjemt
čiehkát	gjemme
čiekčat	spenne
čiekčat	sparke
čielgat	klarne
čielgat	bli klar
čielggadit	forklare
čierastallat	renne
čierastallat	ake
čierastit	renne
čierastit	ake
čierrut	gråte
čieskat	kløyve
čievččastit	sparke
čievččastit	spenne
čiktit	bøte garn
čiktit	bøye en skitupp
čiktáladdat	bøte, holde på med å bøte garn eller not
čiktásit	bøte
čiktásit	bli bøtt
čilget	forklare
čivgat	få unger
čivttadit	bøte
čivttašit	bøte
čivttihit	få bøtt
čiđđit	være påståelig
čiŋadit	pynte seg
čiŋahit	pynte
čiŋkut	hinke
čiŋkut	halte
čoagganit	samles
čoaggit	plukke
čoahkkanit	samles
čoahkkimastit	avholde møte
čoahkkáigeassit	oppsummere
čoahkkáigeassit	sammenfatte
čoahkáidit	konsentrere
čoalkalit	banke
čoalkalit	knakke
čoalkit	knakke
čoalkit	banke
čoalluladdat	sløye mye, sløye fort
čoallulit	sløye fort
čoallut	sløye fisk
čoaltašuvvat	klumpe seg
čoaskut	kjølne
čoaskut	bli kjøligere
čoavdilit	løse
čoavdit	løse
čoavdit	låse opp
čoavdit	frita
čohkat	spisse
čohkkedit	sette seg
čohkket	samle
čohkket	montere
čohkkát	sitte
čohkohallat	holde på å sitte
čohkut	kjemme
čohkut	greie
čohkánit	sette seg
čolgadit	spytte
čolgat	spytte
čollestit	sløye fisk
čollet	sløye fisk
čollet	gulpe
čorbmadit	slå med knyttneven
čorbmat	slå med knyttneven
čorget	gjøre reint
čorget	rydde
čorget	stelle
čugget	stikke
čujuhit	markere
čujuhit	utpeke
čuldet	sette opp stolpene i et laksestengsel
čuldot	stryke
čuodjat	klinge
čuodjat	ringe
čuodjat	lyde
čuoggut	stikke
čuohcalit	gå i garnet
čuohcit	påvirke
čuohcit	berøre
čuohcat	påvirke
čuohcat	berøre
čuohkat	drikke
čuohkat	slafse
čuohpadit	skjære seg
čuohpadit	hogge seg
čuohpahit	operere
čuohppat	skjære
čuoibmuladdat	stake, holde på med å
čuoibmulit	stake av sted
čuoibmulit	stake litt
čuoibmut	stake
čuoigalit	begynne å gå på ski
čuoigat	gå på ski
čuoiggadit	gå på ski
čuoiggahit	forfølge på ski
čuojahit	ringe
čuojahit	spille
čuolastit	hogge
čuolbmadit	knytte
čuolbmalit	knytte, knytte fort
čuoldit	skille
čuoldit	sortere
čuoldit	veve bånd
čuollat	hogge
čuomastuvvat	tørkes
čuopmat	rubbe
čuorpmastit	hagle
čuorvut	rope
čuoskut	galoppere
čuovgat	skinne
čuovgat	lyse
čuovgat	belyse
čuovvut	følge
čuoččaldahttit	anlegge
čuoččastit	reise seg
čuoččastit	stoppe
čuoččastit	stille seg
čuoččuhit	hevde
čuoččuhit	påstå
čuožžilit	reise seg
čuožžut	stå
čurggodit	bli gråhåret
čurvet	rope
čuskkodit	sprette og hoppe
čuvget	opplyse
čuvget	belyse
čuvggodit	lysne
čuvkuluvvat	koagulere
čáhkat	få plass
čájehit	vise
čájet	vis
čájáhallat	framvise
čákŋadit	få til å gå i garnet
čákŋalit	smyge seg under
čákŋat	krype
čákŋat	smyge inn i
čálašit	holde på med å skrive
čálašit	brevveksle
čálestit	notere
čálgat	utvikle seg
čálihit	la skrive
čálihit	skrive ut
čálihit	la seg registrere
čálihit	ta ut lysning
čállit	skrive
čállit	notere
čállit	rispe
čállit	råskjære fisk
čárvet	klype
čárvet	klemme
čárvut	klype
čárvut	klemme
čáskadit	slukke
čáskat	slukne
čázehuhttit	drenere
šaddadit	dyrke
šaddadit	føde
šaddat	vokse
šaddat	fødes
šaddat	bli
šaddat	komme til å
šamponeret	sjamponere
šarmantiseret	sjarmantisere
šattastuvvat	bli til noe
šealgát	glinse
šealgát	skinne
šearrát	lyse
šearrát	skinne
šearrát	glitre
šelget	polere
šiehtadallat	forhandle
šiehtadit	avtale
šiehttat	få plass
šiehttat	bli enig
šieđđaluvvat	bli andpusten
šiggut	hysse på
šiitit	benekte
šlahttit	sludde
šleađgut	blinke
šleađgut	glimte
šleaŋgasit	få skrens
šliipet	slipe
šlivget	slenge
šlivgut	slenge
šloahtat	subbe
šloavaldahttit	flambere
šluhttet	avlyse
šlundut	bli motløs
šlundát	være i dårlig humør
šlundát	motløs
šluvgit	riste
šluvgit	slenge
šláddjet	klassifisere
šlápmat	støye
šlápmat	bråke
šláttardit	sladre
šnjirgut	vrinske
šnjirrat	sprake
šnjirrat	frese
šnjivvat	hviner
šoambbistit	skravle
šoambbistit	skvaldre
šoavvat	suse
šoavvat	bruse
šohkut	puste
šohkut	blåse
šolget	smelte
šuddidit	skravle
šulšet	tråkke
šulšet	lage spor
šuohkkit	sukke
šurrat	surre
šurrat	summe
šurrat	prate
šuvvat	suse
šuđđat	syde
šállošit	beklage
šávget	slå
šávget	helle
šávgut	slå
šávgut	helle
šávvat	bruse
šávvat	dure
muittašit	minnes
ákkastallat	argumentere
buohtastahttit	sammenlikne
hirpmástuvvat	bli forskrekket
gozihit	vokte
jurdilit	tenke en tanke
sisttisdoallat	inneholde
ollašuvvat	gjennomføres
gáržžidit	innskrenke
fuomášuhttit	gjøre oppmerksom på
oasálastit	delta
áŋgiruššat	ivre for
ságastit	samtale
neaktit	se ut som
neaktit	spille
filbmet	filme
vuorddašit	vente lenge
loktanit	heve seg
čiegadit	gjemme
vuolláičállit	underskrive
behtohallat	bli skuffet
gárvet	gjøre ferdig
beaškalit	smelle til
suhttadit	gjøre sint
rahpasit	åpne seg
vuhtiiváldit	ta hensyn til
njuolgut	rette ut
njoammut	krype
njoammut	smitte
čoahkkinastit	holde møte
maŋŋonit	bli forsinket
riŋgestit	ringe
vuoddját	kjøre av sted
logaldallat	forelese
buollát	fatne
bázahallat	bli etter
coggalit	putte fort
coggalit	kle på seg fort
geahččaladdat	eksperimentere
čavget	stramme
čavget	stramme inn
čavget	sette igang
gullát	begynne å høre
gullát	våkne
gullát	få følelse
hirpmahuvvat	bli forskrekket
vuostáiváldit	ta imot
čevllohallat	være stolt
márkanastit	markedsføre
vajálduvvat	glemmes
vuiget	sanne
lonohallat	skifte
lonohallat	bytte med hverandre
ealáskahttit	revitalisere
dálkkodit	behandle for sykdom
dálkkodit	medisinere
bággehallat	tvinges
kártet	kartlegge
ovttastit	forene
sulastahttit	likne på
nuoskkidit	forurense
jávkkihit	forsvinne plutselig
čuččodit	bli stående
muosehuhttit	forstyrre
rievidit	røve
gávnnahallat	bli oppdaget
politihkket	holde på med politikk
joatkašuvvat	fortsettes
levget	flagge
buohccát	bli syk
rámpot	rose
rámpot	skryte
loddet	jakte på fugl
fasket	kapre
speadjalastit	avspeile
vázzát	begynne å gå
jaskkodit	tie
dáruiduhttit	fornorske
gaskkustit	formidle
dihttot	vise seg
láhttestit	utbryte plutselig
guovlladit	kikke
guovlladit	kaste et blikk på
eahpelihkostuvvat	mislykkes
doamihit	skynde seg
liehmudit	bli litt varmere
čoskkiidit	bli kaldere
savdadit	yre
savdadit	småregne
oaktut	komme en regnskur
hieibmat	blåse svakt
golket	bli vindstille
storbmet	blåse opp til storm
bajánastit	tordne
čálistit	skrive litt
čálistit	notere
manihit	gå fort
spoahkkit	smelle
dálkkáskit	bli uvær
huikkádit	rope plutselig
liikostit	straks like
liikostit	bry seg om
viežžalit	hente fort
viežžalit	hente noe som ikke er langt borte
jugistit	drikke fort
deattašit	trykke
moiddodit	ha kvalmefornemmelse
rosset	romstere med husarbeid
gákkahit	brekke seg
doidilit	skylle
doidilit	skylle fort
lutnjat	jamre
várkat	verke
gaccestit	spise en skjefull
gaccastit	spise en skjefull
gaccastit	klore
bonjahit	få til å vri seg
gággasit	bøyes
gággasit	veltes
gággasit	stå opp møysommelig
ihtaluvvat	få utslett
suhtadit	bli sint på hverandre
suhtadit	bli sint
sihkestit	tørke
sihkestit	male
sihkastit	tørke
sihkastit	male
čorgestallat	holde på å rydde
biggohit	lufte
váibbadit	gjøre trøtt
váibadit	trøtte ut
messostallat	delta i festligheter
čeaskát	lyse hvitt
šlivgasit	slenges
njavggodit	svinne ut av syne
hurgit	ile
hurgit	legge i veg
luoitádit	stige ned
luoitádit	gå ned
luoitádit	gå ned på kne
cahkkehallat	tenne på
niesttehuvvat	bli fri for mat
rasttidit	krysse
gáfestallat	holde kaffepause
gallestallat	besøke
golahallat	forbruke
boatkkuhit	strø
jeđđedit	trøste
balvet	skye til
bonjastit	vri
bosihastit	puste ut
bosihit	puste ut
botnjasit	vri seg
duolmmastit	trø
ásaiduvvat	begynne å føle seg hjemme
ásaiduvvat	slå seg ned
čorpmahallat	bli slått med knyttneven
verddestallat	opptre som venner
verddestallat	utføre samhandling mellom reindrifsutøverer og fastboende
vuoidalit	smøre fort
oljet	olje
gopmahallat	spøke
golggahit	få til å renne
golggahit	svette
girddašit	fly hit og dit
girddašit	ta en snartur
sahet	sage
dolastit	fyre
dolastit	ha bål
dálvat	bli vinter
njorostallat	drive på å kaste lasso
rámpostit	rose
rámpostit	skryte
ihttohallat	se syner
ihttohallat	komme ut for spøkelser
libardit	flagre
libardit	vaie
doapmalit	skynde seg veldig
herskkostallat	spise god mat
runodit	grønnes
riegádahttit	føde
riegádahttit	nedkomme
gárddástallat	arbeide med reinen samlet i reingjerde
vealládit	ligge
alihastit	blåne
analyseret	analysere
bahkkehit	tvinge noe på andre
baldalit	skremme
biggot	luftes
bivdalit	be om
biškkádit	hyle
boaluhit	knappe
bogostallat	holde på å le
bosodit	blåse lenge
bosádit	blåse
bombet	bombe
buokčat	dykke
buvttehit	nå fram
bárgut	skrike
bárgut	gråte høylytt
bárgut	raute
bárgut	knirke svært
ceggestit	reise noe opp fort
cibmut	knuge
cibmut	klype
civkkádit	kvitre
civkkádit	pipe
dievihit	bli fylt opp fort
dolkadit	gjøre lei
dollestit	holde litt
dovddiidit	erfare
dovddiidit	lære å kjenne
durget	dekke telt- eller gammegolv med ris
dárrat	være i affekt
dárrat	rase i sinne
fanahallat	holde på å tøye
gaikkehit	rykke til
gaikkehit	slite
geahpput	bli lettere
geahčastallat	kaste et blikk på av og til
geaigguhit	strekke ut
geaigguhit	holde utstrakt
giessasaddat	bukte seg
giessasaddat	sno seg
giessasaddat	krølle seg sammen
giitalit	takke
gohccát	våkne
gohccát	bli frelst
govahallat	forestille
govddodit	holde på å flyte
gullostallat	ryktes
gullostallat	høres litt av og til
gulustuvvat	ryktes
gulustuvvat	bli alminnelig kjent
guorssádit	hoste stygt
guoskkahallat	holde på å berøre
guoskkehit	komme bort i noe
guvnnjádit	bøye seg
guvnnjádit	huke seg ned
gáskkestit	bite litt
gáskkestit	bite fort
gávastallat	gjespe
heaitalit	gjøre slutt
heađásmuvvat	bli engstelig
hoahpuhit	påskynde
hoigadit	skyve
humahallat	få til å snakke
hávkadit	kvele
illosit	bli glad
jaskkodahttit	roe ned
jearadit	spørre
jieppadit	være sjenert
jieppadit	være blyg
jierásmuvvat	bli oppskaket
jierásmuvvat	bli nervøs
jietnadit	gi lyd fra seg
jorahallat	snurre rundt
jugestit	drikke fort
juoiggadit	holde på så smått med å joike
jámihit	bedøve
jávohuvvat	bli taus
laktadit	føye sammen
lihkahallat	berøre
lihkahallat	bevege
lihkestit	bevege seg
livžžodit	fare og vimse
livžžodit	flimre
logahit	få til å lese
loktestit	løfte
luoitilit	slippe i hast
láktadit	fukte
láktadit	væte
lásset	låse
meahcástit	klare seg i villmarka
mielddistit	medføre
moddjestit	smile kort
moddjestit	smile plutselig
monnet	legge egg
muitát	komme til å huske på
mulggádit	skule
nanosmahttit	styrke
nanosmahttit	forsterke
njágahit	liste seg til noe
njávkkastit	stryke litt
nohkastit	ta seg en blund
oadjudit	gjøre trygg
pusset	pusse
rabestit	åpne
rabestit	lukke opp
ravkkuhit	blinke
reaggut	kjenne stikkende smerte
rokkastit	ta fram
rokkastit	grave litt
ruohkastit	klø litt
ruoškkehit	knake
ruškkodahttit	få til å bli brunaktig
siktet	sikte
sirdašuvvat	flytte på seg
skoalkalit	banke på
skuvihit	dukke opp uanmeldt
snuđđut	snufse
snuđđut	blåse luften gjennom nesen
sojaldahttit	bøye en gang
spiiddistit	svi
stađđat	få ro til noe
stađđat	gi seg tid til noe
suotnjat	krype inn i
suotnjat	krype gjennom
surgehit	skremme
susttašit	lukte på lenge
sárggodit	holde på med å tegne
sáđđat	pese
tennjet	tegne
unohastit	være ubehagelig
vašuhit	hate
velohallat	ligge og strekke seg
viegahit	løpe etter noe
viegahit	få noen til å løpe
viissástallat	være påståelig
viissástallat	gjøre seg viktig
vuhtodit	bysse
vuovssihit	få til å spy
vuoššastit	koke fort
áddestallat	herme
ájahallat	oppholde
áđđestallat	herme
čatnasit	bli bundet
šealggáhallat	holde på med å glitre
čippostit	knele
čorgestit	rydde fort
čuggestit	stikke
čuoigát	sette avgårde på ski
čuoččahit	reise seg
čuoččahit	stille seg
čábbudit	gjøre penere
čábbudit	pynte
bonjagit	bli vridd
bázadit	bli etter
coahkkalit	smelle
coahkkalit	klikke
dikkáskit	begynne å krangle
divustit	rette på
doarostuddat	ha lyst til å slåss
geađđut	bli dunkel
geađđut	bli hes
giikanastit	se med kikkert
gizzut	klatre
gišvvardit	sprelle
gullostit	plutselig høres
gullostit	føles svakt
himáhallat	kremte
jietnadallat	si noe flere ganger
lahkonišgoahtit	begynne å nærme seg
lássestit	låse
nivkkihit	plutselig nikke
oađašit	sove trygt
oađestuvvat	ville sove
oidnostit	vises litt
orodit	oppholde seg
ravggadit	sprette
ravggadit	fare av sted
reavgut	rape
riggut	bli rik
rusádit	frøse
ráhkadahttit	få noen til å lage
rátkkašit	skille
skelbmošit	lure
soalssidit	sikle
čirodit	holde på å gråte
čuovggahit	lyse opp
čáhpodit	mørkne
čájehastit	vise fort
šávihit	strømme inn
