geardde	adv	
on	adv	
duohken	adv	
ovtta	adv	
mot	adv	
sajis	adv	
unnit	adv	
duođas	adv	
mielas	adv	
duođai	adv	
bealle	adv	
álkit	adv	
guhkit	adv	
unnimusat	adv	
fásta	adv	
ovddabealde	adv	
iešalddis	adv	
duođalaččat	adv	
seammas	adv	
duogábealde	adv	
sulli	adv	
olggobeale	adv	
ovdalis	adv	
hirbmadit	adv	
akto	adv	
loahpageahčen	adv	
nuppes	adv	
ollásit	adv	
mahkáš	adv	
jagá	adv	
ovttasráđiid	adv	
seammaládje	adv	
čálalaččat	adv	
ovttajienalaččat	adv	
ovdalgihtii	adv	
okte	adv	
gilvvu	adv	
viidáset	adv	
muhtimin	adv	
ovdalii	adv	
liige	adv	
gaskat	adv	
ainjuo	adv	
árabut	adv	
eanáš	adv	
álot	adv	
deikke	adv	
gaskamearálaččat	adv	
oppalaččat	adv	
lasi	adv	
stuorrát	adv	
lunddolaččat	adv	
birrasit	adv	
duohko	adv	
dálle	adv	
vuovdemassii	adv	
gostege	adv	
deaivása	adv	
movtta	adv	
albmaládje	adv	
ovdán	adv	
gearddi	adv	
erenomážit	adv	
dasalassin	adv	
eandalit	adv	
báikkálaččat	adv	
vára	adv	
iđđedis	adv	
dainnalágiin	adv	
albmaláhkai	adv	
viidásit	adv	
suomabealde	adv	
dakka	adv	
badjelmeare	adv	
nohkka	adv	
badjil	adv	
liikka	adv	
čielga	adv	
njálmmálaččat	adv	
vuohkkasit	adv	
dálvit	adv	
ovttatmano	adv	
roahkka	adv	
moktege	adv	
ovddežis	adv	
vuollil	adv	
earáláhkai	adv	
álggugeahčen	adv	
duššái	adv	
agibeaivái	adv	
lihkká	adv	
earáládje	adv	
jođáneappot	adv	
got	adv	
dássálaga	adv	
hávális	adv	
boaittobeale	adv	
dárkileappot	adv	
láhkái	adv	
vuostái	adv	
agibeaivvi	adv	
agibeaivve	adv	
čoahkis	adv	
numo	adv	
álkibut	adv	
earaládje	adv	
davábealde	adv	
sávvamis	adv	
ođđasis	adv	
oktanagas	adv	
maŋŋelis	adv	
jođánepmosit	adv	
minddár	adv	
fárrolagaid	adv	
dette	adv	
oarjjabealde	adv	
dađis	adv	
vulobealde	adv	
ruoŧabealde	adv	
norggabealde	adv	
báhtui	adv	
sivahit	adv	
dobbelii	adv	
persovnnalaččat	adv	
nuorttabealde	adv	
diekko	adv	
albmaláhkái	adv	
uhcit	adv	
obbanassii	adv	
guora	adv	
guhkkelii	adv	
vuollelis	adv	
nuppeládje	adv	
en	adv	
várrogasat	adv	
lulábealde	adv	
dáinnalágiin	adv	
duođi	adv	
al	adv	
vuostálaga	adv	
njuovžilit	adv	
njuolggát	adv	
árat	adv	
no	adv	
čoahkkái	adv	
mojunjálmmiid	adv	
juogaládje	adv	
iešalddes	adv	
váras	adv	
logahit	adv	
vuohon	adv	
siskkáldasat	adv	
seammaláhkái	adv	
ollenge	adv	
ohpihii	adv	
moddii	adv	
golbmii	adv	
ráfálaččat	adv	
obbalohkái	adv	
earáláhkái	adv	
duššiid	adv	
buohkanassii	adv	
obba	adv	
ihána	adv	
dobbelis	adv	
lullelis	adv	
dássálagaid	adv	
piano	adv	
oaččohit	adv	
vajot	adv	
rájis	adv	
lagabus	adv	
oktanis	adv	
máttabealde	adv	
háválassii	adv	
eanebut	adv	
www.brreg.no	adv	
nuo	adv	
hedii	adv	
veahkkálagaid	adv	
unnánaš	adv	
láigomassii	adv	
logenar	adv	
duššefal	adv	
álgogeahčen	adv	
ovttaládje	adv	
bajásguvlui	adv	
bážas	adv	
bálddalagaid	adv	
bálddalaga	adv	
áin	adv	
vácci	adv	
ovttatmanos	adv	
ovttatládje	adv	
nuppeláhkai	adv	
lobiheamit	adv	
jirpmet	adv	
guhkkelebbui	adv	
goal	adv	
gallii	adv	
aktanis	adv	
vurrolagaid	adv	
searválaga	adv	
ruoššabealde	adv	
maiddá	adv	
logenár	adv	
jallat	adv	
dohkálaččat	adv	
baljo	adv	
bahuid	adv	
aiddobáliid	adv	
áramusat	adv	
álggogeahčen	adv	
máŋggaládje	adv	
moktige	adv	
vejolaččat	adv	
siskabealde	adv	
duođasin	adv	
bieđgguid	adv	
vuollelii	adv	
ovttaláhkai	adv	
oktasaččat	adv	
nuorttabeale	adv	
aiddobeliid	adv	
spagga	adv	
seammáláhkai	adv	
ráigge	adv	
jámma	adv	
johtileappot	adv	
erenoamažit	adv	
buohtalaga	adv	
vuostálagaid	adv	
valjis	adv	
logenáre	adv	
dáppil	adv	
maŋŋelii	adv	
jahkeviissaid	adv	
guittot	adv	
giehtalaga	adv	
fuolakeahttá	adv	
badjelmearálaččat	adv	
siivvožit	adv	
ovttamielas	adv	
oarjjabeale	adv	
máttabeale	adv	
láseráigge	adv	
earaláhkai	adv	
duoppil	adv	
www.galdu.org	adv	
ovttatmanu	adv	
lahkalaga	adv	
giehtalagaid	adv	
davvelis	adv	
bajábeale	adv	
čeavládit	adv	
www.skatteetaten.no	adv	
várrugasat	adv	
minus	adv	
jogo	adv	
hoahpuhit	adv	
eallinaga	adv	
binnánaš	adv	
álbmogassii	adv	
ovttamielalaččat	adv	
ovddabeallai	adv	
nuppebealde	adv	
njálgát	adv	
máŋggaláhkai	adv	
mealgadii	adv	
live	adv	
jávkosis	adv	
gosii	adv	
badjelmeari	adv	
vuollegaččat	adv	
vearrábut	adv	
ovttaláhkái	adv	
ovddabeale	adv	
ovdabealde	adv	
ollege	adv	
muhtunládje	adv	
mieleavttus	adv	
luoddaráigge	adv	
hávil	adv	
dárbbašmeahttumit	adv	
vuolil	adv	
jienajávohaga	adv	
gánske	adv	
dássidit	adv	
boaittobealde	adv	
alias	adv	
suollemasat	adv	
searválagaid	adv	
mieldi	adv	
maŋŋeleappos	adv	
laktásit	adv	
lahkosii	adv	
garuhit	adv	
gait	adv	
fáru	adv	
eavttuhit	adv	
dokko	adv	
báifáhkka	adv	
aittoládje	adv	
álgobáliid	adv	
sahte	adv	
ovddageahčen	adv	
earenomážit	adv	
davágeahčen	adv	
an	adv	
www.samiskhs.no	adv	
veahkkálaga	adv	
siskkit	adv	
maŋemustá	adv	
kánske	adv	
jeavddalaččat	adv	
doaresbealde	adv	
bienasta	adv	
aittobáliid	adv	
árvalusas	adv	
álásin	adv	
vári	adv	
vuolábeale	adv	
vuojahit	adv	
sealgga	adv	
máddelis	adv	
mielamiel	adv	
leaikkas	adv	
iešguđetládje	adv	
guhkkelis	adv	
gazzalagaid	adv	
gale	adv	
dánu	adv	
doaresbeale	adv	
davábeale	adv	
beaiveguovdil	adv	
badjelasat	adv	
vulosoivviid	adv	
riđus	adv	
muttuid	adv	
lihkka	adv	
guhkimusat	adv	
dadjatjuo	adv	
bealleheakkas	adv	
badjálagaid	adv	
almmake	adv	
álfárut	adv	
www.snn.no	adv	
valjit	adv	
unnibut	adv	
sealgil	adv	
ráđđálagaid	adv	
ráidnasit	adv	
oktiige	adv	
logenear	adv	
fasten	adv	
birrajagi	adv	
bahás	adv	
aivvefal	adv	
álkimusat	adv	
vuoste	adv	
ovttatláhkái	adv	
oskkáldasat	adv	
lullelii	adv	
guovdil	adv	
govdadit	adv	
goasnu	adv	
gaskkaid	adv	
dáđi	adv	
dánne	adv	
duoppe	adv	
deatnoráigge	adv	
báikkuid	adv	
baifáhkka	adv	
allagasas	adv	
agálaččat	adv	
čiekŋalassii	adv	
ábaide	adv	
www.aetat.no	adv	
viiddáseappot	adv	
oaláhii	adv	
njelljii	adv	
mojonjálmmiid	adv	
jura	adv	
iešdáhtus	adv	
hirpmasit	adv	
hiljit	adv	
goase	adv	
geahppadit	adv	
dobbelebbui	adv	
dasttán	adv	
beallálaga	adv	
allin	adv	
čavččabealde	adv	
áhkoš	adv	
www.samordnaopptak.no	adv	
válddihit	adv	
vuolleleappos	adv	
vulogeahčen	adv	
vehážiid	adv	
summalis	adv	
so	adv	
sierranassii	adv	
ovdabeallái	adv	
olámuttos	adv	
olggobeali	adv	
oaivvesnaga	adv	
lahkosin	adv	
lagamustá	adv	
ijatbeaivvi	adv	
ihán	adv	
iešheanálaččat	adv	
guhkkeleappos	adv	
gonnes	adv	
gazzalaga	adv	
galles	adv	
fuolalaččat	adv	
dáigá	adv	
dipmadit	adv	
diehttelasge	adv	
bátnegáskki	adv	
buohtalagaid	adv	
beallejámas	adv	
badjeleappos	adv	
asu	adv	
agibeaivvesge	adv	
čeavlájit	adv	
www.minaigi.no	adv	
www.infonuorra.no	adv	
vuostil	adv	
vuolábeallai	adv	
vearrámusat	adv	
varranaga	adv	
val	adv	
vahkkoviissaid	adv	
uhcimusat	adv	
sáhkalaga	adv	
rievttuid	adv	
reaŋggaš	adv	
rahppasit	adv	
ođasnaga	adv	
ovttafáru	adv	
oktonassii	adv	
ohcanláhkai	adv	
nammejahkii	adv	
naga	adv	
máttásguvlui	adv	
muhtunráje	adv	
maŋemussii	adv	
maninge	adv	
lulágeahčen	adv	
logeneare	adv	
ihtin	adv	
govt	adv	
gostige	adv	
goste	adv	
goalmmádis	adv	
gittačalmmiid	adv	
fasttain	adv	
fastain	adv	
easká	adv	
duokko	adv	
diehttelasas	adv	
davvelii	adv	
dastán	adv	
buoragit	adv	
bealátkeahttá	adv	
bahkkadievva	adv	
badjelebbui	adv	
čuohtenar	adv	
www.vardobaiki.no	adv	
www.trygdeetaten.no	adv	
www.samediggi.fi	adv	
www.mattilsynet.no	adv	
www.karasjok.kommune.no	adv	
www.interregnord.com	adv	
www.ffk.no	adv	
vuoigadit	adv	
veahkihit	adv	
siskelii	adv	
sealggabealde	adv	
ráiggil	adv	
rievttabut	adv	
rattát	adv	
ovdelis	adv	
oinnolaččat	adv	
nuortalis	adv	
máddelii	adv	
mieđás	adv	
miehtut	adv	
maŋásguvlui	adv	
maŋábeale	adv	
lobihemet	adv	
jorgguládje	adv	
guorosnaga	adv	
guhkibut	adv	
goavkut	adv	
fastin	adv	
easkabáliid	adv	
dássá	adv	
duogábeale	adv	
dovdomassii	adv	
boađi-boađi	adv	
bealleheggii	adv	
bealledagus	adv	
čiekŋalasas	adv	
čavččabeallai	adv	
www.valg.no	adv	
www.tana.kommune.no	adv	
www.samisk-sr.no	adv	
www.nsi.no	adv	
www.kulturrad.no	adv	
www.frivillig.no	adv	
vuosterávdnjái	adv	
vuohten	adv	
sáhkalagaid	adv	
snáhppát	adv	
siskelis	adv	
seammáládje	adv	
seahkalagaid	adv	
rái	adv	
olgoráigge	adv	
olgguldasat	adv	
obalohkái	adv	
njunnálagaid	adv	
máttageahčen	adv	
millosepmosit	adv	
maŋŋegeahčen	adv	
lássaráigge	adv	
lámas	adv	
lulábeale	adv	
loaččat	adv	
jierrásit	adv	
ipmašit	adv	
ilbmán	adv	
iežasláhkái	adv	
iešguđetláhkai	adv	
http://www.nesseby.kommune.no	adv	
guoggut	adv	
goktes	adv	
globálalaččat	adv	
geasseguovdil	adv	
fámolaččat	adv	
ere	adv	
eahpegovttolaš	adv	
dákkaviđe	adv	
duogi	adv	
dobbelaččas	adv	
divuhussii	adv	
diibmoviissaid	adv	
dasttá	adv	
buorremielas	adv	
bealát	adv	
beallemuttus	adv	
bahámielas	adv	
aivvestassii	adv	
čuovggahit	adv	
áiggebále	adv	
www.álgu.no	adv	
www.vox.no	adv	
www.tromsfylke.no	adv	
www.tobakk.no	adv	
www.slf.dep.no	adv	
www.samiradio.org	adv	
www.saamicouncil.net	adv	
www.risten.no	adv	
www.reindrift.no	adv	
www.rangifer.no	adv	
www.hommat.org	adv	
www.gáldu.org	adv	
www.doffin.no	adv	
váilevaččat	adv	
vurrolaga	adv	
vuotnalaš	adv	
vuolágeahčen	adv	
vuollelaš	adv	
vuogihit	adv	
veaiddalassii	adv	
veahkájo	adv	
stáđđásit	adv	
stuoribut	adv	
starga	adv	
sojil	adv	
skilahit	adv	
siskabeallái	adv	
sierralagaid	adv	
sierraláhkai	adv	
sealggabeallái	adv	
seahkálaga	adv	
seahkalaga	adv	
sakkarat	adv	
sagahit	adv	
ráđđálaga	adv	
roaŋkut	adv	
ovttamađe	adv	
olámuddui	adv	
oktilaččat	adv	
oktiiráđiid	adv	
oarjelii	adv	
oaidninláhkai	adv	
njuolgadit	adv	
njunnálaga	adv	
máddeleamos	adv	
muoŧáš	adv	
muhtunláhkai	adv	
miilaviissaid	adv	
mealgadit	adv	
maŋemužžii	adv	
maidddái	adv	
mahtis	adv	
logináre	adv	
jávkkohahkii	adv	
juhkanoaivves	adv	
isidaš	adv	
iešokto	adv	
hárčut	adv	
http://www.trygdeetaten.no	adv	
gáržásis	adv	
guođát	adv	
golggot	adv	
goabbatládje	adv	
gearggahit	adv	
ganjalčalmmiid	adv	
fávlelii	adv	
farggabáliid	adv	
duogábeallai	adv	
dieinnalágiin	adv	
davvelebbui	adv	
caggut	adv	
bárrahis	adv	
báhtarussii	adv	
beallestággui	adv	
bastánta	adv	
bajiloaivvi	adv	
atti	adv	
allelis	adv	
čomil	adv	
árabui	adv	
www.vilbli.no	adv	
www.viddas-veidemann.com	adv	
www.ungieuropa.net	adv	
www.tv-aksjonen.no	adv	
www.toll.no	adv	
www.teigmo.no	adv	
www.sor.no	adv	
www.sogsakk.fi	adv	
www.snowtrade.net	adv	
www.samit.no	adv	
www.sami-eg.no	adv	
www.sametinget.se	adv	
www.samernas.nu	adv	
www.samediggi.no	adv	
www.same.net	adv	
www.riddu.com	adv	
www.rema.no	adv	
www.politi.no	adv	
www.oif.no	adv	
www.nsr.no	adv	
www.norsk.lysingsblad.no	adv	
www.macromedia.com	adv	
www.lágat.no	adv	
www.lovdata.no	adv	
www.krus.no	adv	
www.kolarctic.no	adv	
www.klara-klok.no	adv	
www.jobbnor.no	adv	
www.interreg.no	adv	
www.husbanken.no	adv	
www.holberg.uib.no	adv	
www.funn-ordningen.no	adv	
www.e-skuvla.no	adv	
www.biras.no	adv	
www.beaivvas.no	adv	
www.avvir.no	adv	
www.aspirant.mfa.no	adv	
www.altinn.no	adv	
www.altakraftlag.no	adv	
vuostebeaivái	adv	
vuolá	adv	
vulobeallai	adv	
vulobeale	adv	
vissát	adv	
villa	adv	
vihttii	adv	
via	adv	
uhcánaš	adv	
summalit	adv	
sullalagaid	adv	
skeaŋkkas	adv	
siskelebbui	adv	
selggos	adv	
sealggebealde	adv	
sealggabeale	adv	
sadjosis	adv	
ráigeráigge	adv	
ruovttoguvlui	adv	
rahkan	adv	
ovttohii	adv	
osohahkii	adv	
oktiigait	adv	
oktege	adv	
oarjjáslulás	adv	
oarjelis	adv	
oabanassii	adv	
nuortalii	adv	
nuogis	adv	
nullosit	adv	
njuolggoluotta	adv	
njoazit	adv	
njealjádis	adv	
njealjádassii	adv	
nas	adv	
máddeleappos	adv	
moalkasit	adv	
miellasepmosit	adv	
mielddistis	adv	
mielan	adv	
mearkkahit	adv	
meahcceráigge	adv	
maná	adv	
loktosii	adv	
jorggotbeliid	adv	
joksege	adv	
imašlaččat	adv	
illávejiid	adv	
ihttenaš	adv	
iešdáhtos	adv	
iešakto	adv	
hárvvit	adv	
hárvvet	adv	
http://www.karasjok.kommune.no	adv	
hirrut	adv	
heaŋgasis	adv	
gárremiidda	adv	
guovttágaskan	adv	
guovttegávdnái	adv	
gululdaga	adv	
guittotge	adv	
guhkkeliidda	adv	
gollolaga	adv	
goavrril	adv	
goabbelii	adv	
givrut	adv	
gittalagaid	adv	
gittalaga	adv	
girjjálaččat	adv	
gahperahttá	adv	
fávlelebbui	adv	
fitnjut	adv	
dáđimielde	adv	
dárkkit	adv	
dálánaga	adv	
dállánaga	adv	
duojážassii	adv	
duogis	adv	
duobbelii	adv	
dobbeleappos	adv	
doaisttážii	adv	
divohussii	adv	
dieđun	adv	
diehtevassii	adv	
diehke	adv	
davveoarjin	adv	
coahkásit	adv	
báitilit	adv	
báhtarusas	adv	
boaittobeallai	adv	
birratbirra	adv	
bealleálásin	adv	
beallestákkus	adv	
basttihit	adv	
bastanta	adv	
alás	adv	
almmotge	adv	
allagassii	adv	
čuččot	adv	
čuođenáre	adv	
čuođenár	adv	
čuođenar	adv	
čuohtenáre	adv	
čuohtenár	adv	
čorpmadievva	adv	
čikŋagasas	adv	
časkkát	adv	
áđamusat	adv	
ávccá	adv	
álgočalbmái	adv	
áigálii	adv	
áigovaččat	adv	
áhkkorat	adv	
www.xlpaintball.no	adv	
www.vofo.no	adv	
www.vigo.no	adv	
www.vetinst.no	adv	
www.vegvesen.no	adv	
www.varanger.com	adv	
www.urdd.org	adv	
www.undp.org	adv	
www.ukm.no	adv	
www.ufd.dep.no	adv	
www.txt.no	adv	
www.trygdeetaten.no-siidduin	adv	
www.tromso.kommune.no	adv	
www.tirsdagskameratene.com	adv	
www.tiltakssonen.net	adv	
www.til.no	adv	
www.tftskolen.no	adv	
www.tekna.no	adv	
www.tallink.com	adv	
www.sámi-sr.no	adv	
www.sykehusvalg.net	adv	
www.sv.no	adv	
www.suttesaja.net	adv	
www.stepstone.no	adv	
www.statskog.no	adv	
www.statped.no	adv	
www.statoil.no	adv	
www.ssb.no	adv	
www.spor-oss.no	adv	
www.spk.no	adv	
www.sorlandet.com	adv	
www.sommaroy.no.htm	adv	
www.sohowww.nasa.gov	adv	
www.so.uio.no	adv	
www.smf.no	adv	
www.skiippagurrafestivalen.no	adv	
www.skattetaten.no	adv	
www.skabmagovat.fi	adv	
www.sjosamene.no	adv	
www.shdir.no	adv	
www.scenekunstbruket.no	adv	
www.sbf.stat.no	adv	
www.sb.sametinget.se	adv	
www.sasbraathens.no	adv	
www.sapmi.se	adv	
www.samisk.folkeforbund.no	adv	
www.samisk-helseforskning.uit.no	adv	
www.samipress.net	adv	
www.samipath.com	adv	
www.samigoldsource.com	adv	
www.samicouncil.org	adv	
www.sami.uit.no	adv	
www.sametinget.no	adv	
www.samer.se	adv	
www.samefolketsparti.no	adv	
www.samefolket.se	adv	
www.saami-easterfestival.org	adv	
www.rypapub.no	adv	
www.reklamestopp.dep.no	adv	
www.polarisindustries.com	adv	
www.phs.no	adv	
www.perssonbat.se	adv	
www.ped.leks.no	adv	
www.ofm-finnmark.no	adv	
www.ofas.fm.no	adv	
www.odin.no	adv	
www.ntkl.no	adv	
www.nosefo.no	adv	
www.norsk.lysningsblad.no	adv	
www.norges-bank.no	adv	
www.nordreisa.vgs.no	adv	
www.nordkjosmessa.com	adv	
www.njff.no	adv	
www.nilut.org	adv	
www.nigc.gov	adv	
www.ngass.no	adv	
www.nfk.no	adv	
www.nav-interim.no	adv	
www.naturoppsyn.no	adv	
www.naturogmiljo.no	adv	
www.naturogfritid.no	adv	
www.nana.no	adv	
www.mym.co.uk	adv	
www.musikk.no	adv	
www.mil.no	adv	
www.mediateam.as	adv	
www.malselv.kommune.no	adv	
www.lånekassen.no	adv	
www.luftfartstilsynet.no	adv	
www.lottstift.no	adv	
www.lotteritilsynet.no	adv	
www.lesehulen.no	adv	
www.lanekassen.no	adv	
www.lagat.no	adv	
www.kárášjohka.no	adv	
www.kursoversikt.no	adv	
www.kulturminnefondet.no	adv	
www.kuf.dep.no	adv	
www.krf.no	adv	
www.kpk.no	adv	
www.kommune.no	adv	
www.kjellsmestad.no	adv	
www.kirstinymo.blogspot.no	adv	
www.khio.no	adv	
www.kautokeino.kommune.no	adv	
www.karasjokkommune.no	adv	
www.karasjok-sami.no	adv	
www.kafjord.kommune.no	adv	
www.kafjord.com	adv	
www.johannesburgsummit.org	adv	
www.jofama.no	adv	
www.jobbnord.no	adv	
www.jobbimidt-troms.no	adv	
www.isuma.ca	adv	
www.invanor.no	adv	
www.intrigue.no	adv	
www.infornuorra.no	adv	
www.infornuorra	adv	
www.infonuorra.unginfo.no	adv	
www.infonuorra.com	adv	
www.idrettskurs.no	adv	
www.huui.no	adv	
www.ht.tr.no	adv	
www.hoyvis.no	adv	
www.hovedredningssentralen.no	adv	
www.hjernekraft.org	adv	
www.hifm.no	adv	
www.hfel.no	adv	
www.hexeria.no	adv	
www.helse-nord.no	adv	
www.helse-finnmark.no	adv	
www.galdu.no	adv	
www.funkis.no	adv	
www.fundamental.net	adv	
www.fu.no	adv	
www.frp.no	adv	
www.folkeopplysning.no	adv	
www.folkekultur.no	adv	
www.fn.no	adv	
www.fmno.no	adv	
www.floeintl.com	adv	
www.festspillnn.no	adv	
www.fatmomakke.se	adv	
www.eventyrsamen.no	adv	
www.enova.no	adv	
www.eniro.fi	adv	
www.engholm.no	adv	
www.domstol.no	adv	
www.divvun.no	adv	
www.denkulturelleskolesekken.no	adv	
www.deanu.gielda.no	adv	
www.deanu-gielda.no	adv	
www.cwmni-iaith.com	adv	
www.calliidlagadus.org	adv	
www.bussanbud.no	adv	
www.bufetat.no	adv	
www.bufdir.no	adv	
www.bufa.no	adv	
www.billettservice.no	adv	
www.bfstudie.no	adv	
www.beaivváš.no	adv	
www.beaivvas.com	adv	
www.barentsspektakel.no	adv	
www.barentsinstitute.org	adv	
www.autopass.no	adv	
www.atanarjut.com	adv	
www.arran.no	adv	
www.arcticpeoples.org	adv	
www.aof.no	adv	
www.alta.kommune.no	adv	
www.aiti.no	adv	
www.ahlo:no	adv	
www.agenda21.no	adv	
www.aftenskolen.no	adv	
www.abc-company.no	adv	
váraid	adv	
vus	adv	
vuovdinláhkai	adv	
vuosttás	adv	
vuosttain	adv	
vuosttabealde	adv	
vuollálastit	adv	
vuollugit	adv	
vuollelit	adv	
vilbeleš	adv	
viivvuheamet	adv	
viisásit	adv	
viidnanaga	adv	
viesttarbeale	adv	
vakŋut	adv	
uskkos	adv	
unnánaččaid	adv	
sáhtedohko	adv	
suohkadit	adv	
sullalaga	adv	
stohporáigge	adv	
spillui	adv	
snáhppásit	adv	
sneakta	adv	
siskka	adv	
siskil	adv	
sikkarit	adv	
siivot	adv	
siivobut	adv	
sierralaga	adv	
selggo	adv	
sekundáralaččat	adv	
sealggebeale	adv	
seahkálagaid	adv	
rádjerihkku	adv	
russolassii	adv	
roahkkut	adv	
rinčut	adv	
ravddat	adv	
ovddosmaŋás	adv	
ovdaliidda	adv	
ovdalebbui	adv	
ovdaleappos	adv	
otnánaga	adv	
orot	adv	
ollát	adv	
olgolis	adv	
olgolii	adv	
oktilassii	adv	
obbanaga	adv	
oarjjásdavás	adv	
oanebotta	adv	
oaneboddii	adv	
nuvván	adv	
nuppádis	adv	
nuppos	adv	
nuorttasdavás	adv	
nuorttageahčen	adv	
nuortaleappos	adv	
nuortaleamos	adv	
nuh	adv	
nudaddjon	adv	
njálmmedievva	adv	
njuolggá	adv	
njuolggabut	adv	
njielahit	adv	
njeazzut	adv	
njalkasit	adv	
máttil	adv	
máttageahčai	adv	
máddelabbos	adv	
muttágit	adv	
moson	adv	
moalkut	adv	
mieđábealde	adv	
mieđabeale	adv	
mieđabealde	adv	
mealgadis	adv	
mađđása	adv	
maŋŋidii	adv	
maŋŋeliidda	adv	
maŋŋemaŋŋálaga	adv	
maŋágeaže	adv	
maŋágeahčai	adv	
maŋábeallai	adv	
maŋimussii	adv	
maŋemuččas	adv	
maŋemusas	adv	
mallesge	adv	
láigumassii	adv	
luovosvuoji	adv	
lulleliidda	adv	
lullelebbui	adv	
lulil	adv	
lovssufáste	adv	
lotnolassii	adv	
loktosis	adv	
loikasit	adv	
loažžadit	adv	
loaittul	adv	
loahpageahčai	adv	
leabba	adv	
jávojienalaččat	adv	
jávkosii	adv	
jámmat	adv	
jurá	adv	
joppa	adv	
jolga	adv	
jelgii	adv	
jat	adv	
ilgadit	adv	
ijatihkku	adv	
ihttánaga	adv	
ihkenas	adv	
iešalddiset	adv	
hárvvimusat	adv	
háhttásii	adv	
http://www.vardobaiki.no	adv	
http://www.uvett.uit.no	adv	
http://www.senterpartiet.no	adv	
http://www.same.net	adv	
http://www.saamiweb.org	adv	
http://www.reindrift.no	adv	
http://www.norden.org	adv	
http://www.luftfartsverket.no	adv	
http://www.ksnettavis.no	adv	
http://www.it-avisen.no	adv	
http://www.hoyvis.no	adv	
http://www.ffk.no	adv	
http://vimeo.com	adv	
http://tur.eventyrsamen.no	adv	
http://tromskulturnett.no	adv	
http://speedtest.mybc.com	adv	
http://silbacohkka.com	adv	
http://party.lavvu.no	adv	
http://odin.dep.no	adv	
http://henkilot.eniro.fi	adv	
hedi	adv	
heaŋgagasas	adv	
heakkahit	adv	
heaittekeahttá	adv	
hain	adv	
gáržásii	adv	
gárremaččaide	adv	
guovtteládje	adv	
guovdat	adv	
guoibmálagaid	adv	
gulámuttos	adv	
guhttii	adv	
guhkásgo	adv	
guhkkálaga	adv	
guhkibui	adv	
gottihit	adv	
goppos	adv	
golgosis	adv	
goavrut	adv	
goalmmádassii	adv	
goahtun	adv	
goabbeliige	adv	
giđasgease	adv	
geit	adv	
geasihit	adv	
geargadit	adv	
geaidagasas	adv	
gaskaboddii	adv	
gahča-gahča	adv	
fávlelis	adv	
fárrenládje	adv	
eatnehit	adv	
earasajes	adv	
eanebu	adv	
eamidaš	adv	
eambu	adv	
dárkket	adv	
dárbahassii	adv	
duosttán	adv	
duobbelis	adv	
duldásset	adv	
dovle	adv	
doppit	adv	
doppil	adv	
dohkkemeahttumit	adv	
doama-doama	adv	
dieppil	adv	
diehttevassii	adv	
degomat	adv	
deahtta	adv	
davágeahčai	adv	
davábeallai	adv	
davveleappos	adv	
davveleamos	adv	
davil	adv	
dasttánaga	adv	
dakkaviđi	adv	
cakkasnjálmmiid	adv	
báldalagaid	adv	
buotrahkan	adv	
bolkolagaid	adv	
boarásmanbeaivái	adv	
birrarat	adv	
beallehaddái	adv	
beallalagaid	adv	
beallalaga	adv	
basihit	adv	
bajá	adv	
baica	adv	
bahámusat	adv	
baháláhkai	adv	
badjeliidda	adv	
badjelabbui	adv	
azihit	adv	
assát	adv	
askálagaid	adv	
annes	adv	
alleleappos	adv	
allagit	adv	
alibuidda	adv	
akte	adv	
aittos	adv	
aiddonassii	adv	
agibeaivvisge	adv	
