hálidit	v	
besset	v	
váldot	v	
justit	v	
orrot	v	
vuvdot	v	
mearredit	v	
rahppot	v	
mannet	v	
dassat	v	
goddot	v	
gullet	v	
nuorrat	v	
sihkarastit	v	
oláhit	v	
joavdit	v	
mánnat	v	
rápmot	v	
loktit	v	
loktat	v	
oktet	v	
hirpmáhuvvat	v	
govastit	v	
eaiggádit	v	
sáhkat	v	
digáštallat	v	
studeret	v	
jávkkehit	v	
bealistit	v	
vihkket	v	
iskkadit	v	
vikkahit	v	
gaskat	v	
áššut	v	
deaividit	v	
bivdet	v	
hásttuhit	v	
gártet	v	
riikkasearvat	v	
geahpidit	v	
hállet	v	
sistat	v	
geahppánit	v	
fylkkamánnat	v	
virgádit	v	
rabastit	v	
cavgilit	v	
bidjalit	v	
ráhkkanahttit	v	
čiekŋudit	v	
jorgalahttit	v	
hoigadit	v	
viessut	v	
vahkat	v	
bávkkehit	v	
čilgestit	v	
almmustuvvat	v	
čuovvulit	v	
hápmet	v	
bohtat	v	
beaškkehit	v	
jietnadit	v	
bárdnat	v	
geahčestit	v	
smiehtadit	v	
nealgut	v	
buoredit	v	
guhkkat	v	
čiegahit	v	
veagalváldit	v	
oahpahallat	v	
muhttit	v	
láidestit	v	
defineret	v	
váidut	v	
rohttestit	v	
jurddašallat	v	
gárvánit	v	
vuojadit	v	
ollásit	v	
govahallat	v	
dáhkat	v	
doibmet	v	
čohkkádit	v	
čáhkket	v	
ovttastuvvat	v	
márkanfievrridit	v	
reastaluvvat	v	
báhčalit	v	
juohkásit	v	
fárrehit	v	
fatnasit	v	
investeret	v	
válddahallat	v	
ovddasvástidit	v	
meinet	v	
iđistit	v	
ovddeštit	v	
oallut	v	
lášmmohallat	v	
siskkildit	v	
ráhkadahttit	v	
láhtut	v	
vaháguvvat	v	
riektat	v	
ollášuhttit	v	
bohciidahttit	v	
beassadit	v	
sáhkkohallat	v	
roasmmehuvvat	v	
prioriteret	v	
nealgudit	v	
fátmmastit	v	
boarásnuvvat	v	
riggut	v	
njuohtat	v	
moddjestit	v	
časkilit	v	
sivahit	v	
bajásgeassit	v	
čájehallat	v	
vaháguhttit	v	
surgehit	v	
rohttehit	v	
meroštallat	v	
gárret	v	
duššadit	v	
duolbmut	v	
bullehit	v	
čiehkadit	v	
veardádallat	v	
rievddadit	v	
nákkáhallat	v	
hommet	v	
čoggot	v	
skáhppot	v	
fállot	v	
vižžet	v	
gudnijahttit	v	
geahpput	v	
fylkamánnat	v	
sisaváldit	v	
illastit	v	
čatnasit	v	
lossut	v	
čáhkkehit	v	
heahpanaddat	v	
geažidit	v	
fuomášahttit	v	
bussat	v	
sirdašuvvat	v	
iktit	v	
headjut	v	
guđđat	v	
duohtadit	v	
divaštallat	v	
servvoštallat	v	
eretbidjat	v	
vurkkodit	v	
vierrut	v	
skelbmošit	v	
birgehit	v	
birgehallat	v	
čaimmihit	v	
logahit	v	
lihkahallat	v	
giitalit	v	
cakkadit	v	
sisdoallat	v	
ristet	v	
jávkkodit	v	
vejolaštit	v	
reguleret	v	
njuovahit	v	
gárrut	v	
goddet	v	
dagadit	v	
cápmahallat	v	
rápmut	v	
ruossut	v	
ovttasorrut	v	
guovlalit	v	
gullostit	v	
goiket	v	
gohkket	v	
duohtandahkat	v	
bulljut	v	
čalmmustuhttit	v	
válgat	v	
oanidit	v	
luoitilit	v	
duođastit	v	
bávkalit	v	
bálddastahttit	v	
bombet	v	
vuordát	v	
oaččohit	v	
jierásnuvvat	v	
hirpmáhuhttit	v	
dollestit	v	
vátnut	v	
sáhkohallat	v	
rámiidit	v	
oahpistit	v	
nallat	v	
juoiggadit	v	
gollet	v	
demonstreret	v	
busset	v	
bogostallat	v	
čovdot	v	
ávkkastallat	v	
viegadit	v	
loahppat	v	
irggástallat	v	
eanášit	v	
váivvidit	v	
váivahuvvat	v	
sponset	v	
hávkadit	v	
beasadit	v	
attašit	v	
šávihit	v	
áddehallat	v	
válddestit	v	
vašuhit	v	
tinet	v	
postet	v	
muitát	v	
goaikkehit	v	
deaivvahallat	v	
boikohttet	v	
bijahit	v	
almmustuvvot	v	
vuojahallat	v	
unnánit	v	
njoammudit	v	
muitalastit	v	
herskostallat	v	
gánnihit	v	
guossástallat	v	
balddihit	v	
álggadit	v	
várohit	v	
vuođđuduvvat	v	
viidut	v	
suotnjat	v	
ovdanboahtit	v	
muitaladdat	v	
meahcástit	v	
lobihuššat	v	
jáhkihit	v	
hárjehit	v	
bárgut	v	
báhkket	v	
tulkot	v	
reaškkihit	v	
lágiidit	v	
lihcohallat	v	
latnjat	v	
jávohuvvat	v	
jávistit	v	
dáruiduvvat	v	
čuoččohit	v	
spillet	v	
ráidnet	v	
nohkastit	v	
niedjat	v	
molsašuvvat	v	
loktestit	v	
giellat	v	
doaruhit	v	
čuvvodit	v	
monnet	v	
ceavcit	v	
analyseret	v	
šuohkihit	v	
čoavdašuvvat	v	
ásodit	v	
árvalastit	v	
állet	v	
vákšot	v	
sykkelastit	v	
movttiidit	v	
masttadit	v	
lásset	v	
govddodit	v	
gizzut	v	
girddihit	v	
festet	v	
doarrát	v	
doalvvuhit	v	
válbmet	v	
vistit	v	
seahkánit	v	
riikasearvat	v	
ordnašuvvat	v	
nanusmahttit	v	
mielddistit	v	
jugestit	v	
jorbbodit	v	
guhkkut	v	
goaruhit	v	
gildot	v	
garrat	v	
gaikkodit	v	
duvdilit	v	
duolvat	v	
divššodit	v	
vuorddihit	v	
vuoiŋŋastallat	v	
soabadallat	v	
snihkket	v	
siiddastallat	v	
náitit	v	
muohttát	v	
koŋkánit	v	
gulastit	v	
gohččodit	v	
fáluhit	v	
buorrindohkkehit	v	
bosádit	v	
bissánit	v	
čirrot	v	
vuohttát	v	
velohallat	v	
rásket	v	
profileret	v	
mearkkašahttit	v	
jallat	v	
ilbmadit	v	
hearjidit	v	
finihit	v	
bisánastit	v	
beahttut	v	
čukkohallat	v	
álbmotválljet	v	
veallat	v	
streiket	v	
siiget	v	
mahkkit	v	
lohkkadit	v	
livkkihit	v	
goarbmut	v	
evalueret	v	
dovddadit	v	
čilgehit	v	
álkidit	v	
vuoigit	v	
ogohallat	v	
muhttašuvvat	v	
lávdegoddit	v	
lihkustuvvat	v	
geassut	v	
buvttašit	v	
baldalit	v	
šáikit	v	
časkkahallat	v	
vuodjalit	v	
vulgot	v	
suhtihit	v	
spekuleret	v	
rokkastit	v	
ristat	v	
riehpat	v	
ofelastit	v	
lovpet	v	
gulustuvvat	v	
goahtebealljat	v	
galbet	v	
boazodoallat	v	
čáhpodit	v	
čuojadit	v	
vihkut	v	
tihppet	v	
sággat	v	
sulástahttit	v	
steampilastit	v	
riestit	v	
oidnostit	v	
ohcanáigemearrat	v	
nimmordit	v	
nanosmuvvat	v	
molsašuddat	v	
lávlat	v	
leavgit	v	
hásttalit	v	
gohčohallat	v	
giksašuvvat	v	
fuolastuvvat	v	
áđđestallat	v	
vuogasmit	v	
vihtanuššat	v	
uhccánit	v	
sáhkkohit	v	
skuvihit	v	
sirddašit	v	
savvot	v	
sahát	v	
sahttit	v	
russat	v	
oktiibidjat	v	
morihahttit	v	
moddjet	v	
lávostallat	v	
jorihit	v	
hoahpuhit	v	
guođđelit	v	
fillehallat	v	
duolvvidit	v	
bealkkahallat	v	
anihit	v	
čielgadit	v	
áššemeannudit	v	
váidalahttit	v	
vuoššastit	v	
vuoiŋŋastaladit	v	
sámistit	v	
suoddat	v	
soahttát	v	
sivahaddat	v	
sisafievrredit	v	
sierrat	v	
ráhkásnuvvat	v	
oatnut	v	
njamistit	v	
lihkkasit	v	
kopieret	v	
jugadit	v	
goastit	v	
fuoladit	v	
eallát	v	
dusset	v	
cuovkut	v	
čalmmustit	v	
árvádallat	v	
tiŋgot	v	
spivket	v	
rátkkašit	v	
ruhttet	v	
orodit	v	
nanusmuvvat	v	
litnjat	v	
leŋget	v	
lasidit	v	
gáskkestit	v	
gáržot	v	
gárihuvvat	v	
guottehit	v	
earáhuhttit	v	
dánsestit	v	
dovdát	v	
bárdit	v	
biidnahuvvat	v	
beakkehit	v	
čurbošit	v	
čuoigát	v	
čuohpastit	v	
áicát	v	
vuogáiduvvat	v	
vrd	v	
veahkehallat	v	
sáltut	v	
stuđeret	v	
skolet	v	
ráppet	v	
ráfáiduvvat	v	
ruoidnadit	v	
roancat	v	
oktiiheivehit	v	
máisttašit	v	
máddat	v	
mearehuddat	v	
isoleret	v	
huksehit	v	
heajudit	v	
heajastallat	v	
guoskkehit	v	
guoskkahallat	v	
geahpehit	v	
easttadit	v	
dáguhit	v	
dievasmahttit	v	
čuvodit	v	
šuvihit	v	
čuoččahit	v	
álbmut	v	
ákšuneret	v	
válmmaštallat	v	
stáhtačállit	v	
steavlidit	v	
skuvllet	v	
skuollat	v	
siktet	v	
siigat	v	
seivvodit	v	
ražastit	v	
ožžodit	v	
muosehuvvat	v	
morránit	v	
mohkohallat	v	
jallut	v	
ilmmuhit	v	
hohpohallat	v	
heaitásit	v	
gárvvuhit	v	
guđđot	v	
gurrehallat	v	
gottašit	v	
girječállit	v	
formaliseret	v	
eastit	v	
earáhuvvat	v	
dadjalastit	v	
bállit	v	
buđđosit	v	
bilistit	v	
baggat	v	
ásadit	v	
árvaladdat	v	
állanit	v	
áddestallat	v	
vihkkehallat	v	
surfet	v	
sugahit	v	
stivrret	v	
skurtnjagit	v	
saddit	v	
ráhkásmuvvat	v	
riiddáskit	v	
oktiičaskit	v	
obbát	v	
návdet	v	
njihtat	v	
mannut	v	
lápmahuvvat	v	
láivudit	v	
luovvat	v	
laktásit	v	
koloniseret	v	
kohkket	v	
installeret	v	
huškkohallat	v	
heađásnuvvat	v	
heammástuvvat	v	
heakkahuhttit	v	
gáhkut	v	
fáhtehallat	v	
figgat	v	
dággut	v	
dovddiidit	v	
deaivvahit	v	
bijadit	v	
šuokŋat	v	
čohkkehit	v	
áššáiduhttit	v	
vuoimmehuvvat	v	
viimmáskit	v	
smiehtadallat	v	
rássut	v	
riggodahttit	v	
nivkkuhit	v	
muddit	v	
lávllodit	v	
loanahit	v	
lagadit	v	
konkretiseret	v	
komponeret	v	
juogustit	v	
imaštahttit	v	
illodit	v	
hálbut	v	
humahallat	v	
guorbadit	v	
gulladit	v	
golladit	v	
giehtadallat	v	
ganjaldit	v	
fáladit	v	
eavttuhit	v	
duššástuvvat	v	
beallidit	v	
barggadit	v	
bajásčuožžilit	v	
čuovuhit	v	
čuollát	v	
šovkkodit	v	
čippustit	v	
čilgedit	v	
šealgut	v	
čatnašuvvat	v	
áradit	v	
válmmaštuvvat	v	
vuojáhallat	v	
suitet	v	
skáidnašuvvat	v	
rávásnuvvat	v	
ráhkat	v	
rissehallat	v	
rabestit	v	
protesteret	v	
ođasmit	v	
náitaladdat	v	
njávkkastit	v	
nevvodit	v	
muhttot	v	
movttáskahttit	v	
mollanit	v	
lihtodit	v	
lihkastit	v	
kritiseret	v	
jearadit	v	
iđihit	v	
illosit	v	
hávváduvvat	v	
hedjonahttit	v	
hearvát	v	
gállat	v	
golggiidit	v	
gildit	v	
gierddahallat	v	
gahčadit	v	
fiškalit	v	
divustit	v	
cirgguhit	v	
caggát	v	
báđđit	v	
boahkuhit	v	
birastahttit	v	
bajáshukset	v	
šlivggodit	v	
čievččadit	v	
čavggahit	v	
áššehuvvat	v	
ávnnastit	v	
árrit	v	
áigemearrat	v	
váret	v	
válmmastit	v	
vuojahit	v	
vearáskit	v	
tippet	v	
sámegielhállat	v	
sáhtostit	v	
sáddehit	v	
suovastuhttit	v	
suomastit	v	
suhkalit	v	
stevdnet	v	
spoahkehit	v	
rávásmuvvat	v	
rabistit	v	
ođasmuvvat	v	
orostallat	v	
oahppaladdat	v	
nárridit	v	
noaidut	v	
manadit	v	
listet	v	
leabbanit	v	
laktasit	v	
káret	v	
káfestallat	v	
juhkaluvvat	v	
jovgot	v	
hoahkalit	v	
gártadit	v	
guottašit	v	
guoradit	v	
guhkedit	v	
goarpmastit	v	
goargut	v	
geaffut	v	
garuhit	v	
gaikkehit	v	
gahčahit	v	
fástidit	v	
dievihit	v	
dapmat	v	
coahkkalit	v	
bártahuvvat	v	
buvttehit	v	
buolláhit	v	
bisáneastit	v	
bestet	v	
beahttašuvvat	v	
bargoaddit	v	
čuozašit	v	
čorgestit	v	
čomistit	v	
čohkkáhit	v	
čippostallat	v	
ástat	v	
áhpegolgadit	v	
vuostáváldit	v	
veahkaváldit	v	
tennjet	v	
sárrat	v	
suttihit	v	
sukkát	v	
sihtit	v	
rievdadallat	v	
riehkidit	v	
ovdagoddit	v	
oasttestit	v	
nohkestit	v	
njágahit	v	
njuovččalahkástit	v	
nanosmahttit	v	
moallanit	v	
meastit	v	
lohpádallat	v	
juoksat	v	
jorralit	v	
hárrát	v	
huššat	v	
humahit	v	
heajosmahttit	v	
gávvat	v	
gálgalit	v	
guovddášsearvat	v	
guhppet	v	
gožžat	v	
golggadit	v	
geahčastallat	v	
fylkkajuoigat	v	
fuonidit	v	
fieraldahttit	v	
feaskárastit	v	
faskkastit	v	
dálostallat	v	
duolmmahallat	v	
bovdehit	v	
bosodit	v	
boktalit	v	
bisánaddat	v	
birastit	v	
biigot	v	
beahttalit	v	
baladit	v	
čielggasmahttit	v	
čaimmahit	v	
vuosihit	v	
vuodjelit	v	
teltet	v	
sáddedit	v	
steampalastit	v	
spovet	v	
soardašuvvat	v	
snuggat	v	
rámssagit	v	
rábádit	v	
roaškalit	v	
rievddihit	v	
riejáskit	v	
pusset	v	
oktiiordnet	v	
njálbmat	v	
njáhkalit	v	
njuolgát	v	
navddašit	v	
márkomeannut	v	
mollat	v	
mieiggastit	v	
miehtánit	v	
lávllastit	v	
láivut	v	
loget	v	
jierbmat	v	
jaskkodahttit	v	
hárvat	v	
hárdašuvvat	v	
háhpohallat	v	
heađáskit	v	
gáržžohallat	v	
gárvvásmuvvat	v	
gálggadit	v	
gohttet	v	
gierrat	v	
fuotnut	v	
earránaddat	v	
dáhppáhuvvat	v	
dudjohit	v	
doabat	v	
diehtojuohkit	v	
designet	v	
cillat	v	
bággehit	v	
buresboahtit	v	
borgit	v	
bealkkehit	v	
čáppášit	v	
čuoggasit	v	
čanastit	v	
vihkkehit	v	
vielgahit	v	
viegahit	v	
varsut	v	
unohastit	v	
sálvat	v	
suotnjalit	v	
stártet	v	
stuorrudit	v	
skoalkalit	v	
sirdásit	v	
siektadit	v	
rápmustit	v	
ráfáidahttit	v	
rábastit	v	
ruskat	v	
ruossat	v	
ruohtadit	v	
roaškkehit	v	
reitot	v	
oasseváldit	v	
oainnusmahttit	v	
oainnusindahkat	v	
oainnašit	v	
návccahuvvat	v	
njágadit	v	
mávssašit	v	
máhttát	v	
mohtorsearvat	v	
mearihuddat	v	
lástet	v	
lonohaddat	v	
lohkket	v	
loavttástuvvat	v	
lihkestit	v	
kulturviessut	v	
jávkadahttit	v	
irgalit	v	
heahtit	v	
gávpalit	v	
gáskkašit	v	
guoirat	v	
gullostallat	v	
goddalit	v	
goarjadit	v	
finahit	v	
filbmadahkat	v	
ellot	v	
dássádit	v	
dássidit	v	
dárostit	v	
dutkkahit	v	
dollehit	v	
doalahallat	v	
dikkáskit	v	
dihkkádit	v	
dieđuštit	v	
delegeret	v	
cápmit	v	
cuvkit	v	
cikcet	v	
bánehuvvat	v	
bonjadit	v	
bivddašit	v	
biggot	v	
baskut	v	
amastit	v	
amasmit	v	
almmustuhttit	v	
čájehastit	v	
čábbudit	v	
čuoččáldahttit	v	
čuožželit	v	
čuoládit	v	
čohkkestit	v	
šikkohallat	v	
šihttet	v	
čiehkádallat	v	
čeahpput	v	
čavggadit	v	
čahkkat	v	
áŋggirdit	v	
ávjat	v	
ájahallat	v	
vástádallat	v	
válddihit	v	
vuoiddadit	v	
tekstet	v	
sávnnodit	v	
sámáiduvvat	v	
sállat	v	
systematiseret	v	
suohkut	v	
stálostallat	v	
spáppastallat	v	
sordot	v	
smáhket	v	
sirdát	v	
seavvilit	v	
ruoksahit	v	
ruohkastit	v	
roaivalit	v	
rievssatfállat	v	
reahkkát	v	
ravggadit	v	
rabihit	v	
rabadit	v	
ploget	v	
olgonit	v	
oađestuvvat	v	
nuoraidlávdegoddit	v	
njurggádit	v	
njuorrat	v	
niidet	v	
niibbástallat	v	
nahkat	v	
muvret	v	
mojohaddat	v	
látnjat	v	
láikkohallat	v	
lotnahuvvat	v	
lohkalit	v	
logastit	v	
lasket	v	
kodet	v	
jorbbodahttit	v	
jorahallat	v	
joatkkašit	v	
ijastit	v	
hovkkehuvvat	v	
heađáhuvvat	v	
heaŋgahit	v	
heaitalit	v	
gáskkahallat	v	
gáldnat	v	
guvlláruššat	v	
guottihit	v	
guoskadit	v	
goađđut	v	
goalkit	v	
globaliseret	v	
gilvvuhit	v	
giikanastit	v	
gievrut	v	
giehtadit	v	
gavdnjet	v	
gaikásit	v	
fákset	v	
fuopmášit	v	
fuopmášahttit	v	
fuonášit	v	
filosoferet	v	
fiellostallat	v	
faskkestit	v	
fanahallat	v	
evakueret	v	
eretcealkkihahttit	v	
duolmmadit	v	
dukkoraddat	v	
dorggiidit	v	
dohpat	v	
doaŋgut	v	
doarredit	v	
doallánit	v	
doahkkut	v	
darvat	v	
cáhkkit	v	
cáhkkat	v	
báinnahallat	v	
bággolonistit	v	
buokčat	v	
bosuhit	v	
borgalit	v	
borahallat	v	
bivttastit	v	
beavttálmahttit	v	
beasihit	v	
čáhppát	v	
čáhkkedit	v	
čábbut	v	
čuolbmat	v	
čohkohaddat	v	
čoavdásit	v	
čievččahallat	v	
čeargat	v	
čatnalit	v	
čanadit	v	
áššáiduvvat	v	
áigáioažžut	v	
váttásmahttit	v	
válganit	v	
váddudit	v	
vuorrástuvvat	v	
vuorasmit	v	
viisut	v	
vardát	v	
sárggastit	v	
sáhpodit	v	
suddudit	v	
stádačállit	v	
stuorástallat	v	
sruvet	v	
spárket	v	
spiehkkasit	v	
sojahallat	v	
soađáskit	v	
soaiggehit	v	
skruvvet	v	
skoalkkuhit	v	
sisaboahtit	v	
seaktit	v	
seaivvuhit	v	
savvit	v	
salget	v	
ráinnodit	v	
ráhkadastit	v	
roavvat	v	
roaiskalit	v	
rikkeret	v	
riggat	v	
reahttadit	v	
ravggodit	v	
rahppasit	v	
olggosoaidnit	v	
okkodit	v	
oakkastit	v	
náđđát	v	
náššat	v	
návdut	v	
nuppástit	v	
noidošit	v	
noiddohallat	v	
nohkadit	v	
njaccastit	v	
nivssihit	v	
mohkkasit	v	
mielahuvvat	v	
mearkkášit	v	
láhkageatnegahttit	v	
lodjut	v	
loavkašuvvat	v	
liikostuvvat	v	
lihkastahttit	v	
lieđđut	v	
leaikkastaddat	v	
konsulteret	v	
juoiggahit	v	
joatkahuvvat	v	
ilosmit	v	
hoaidit	v	
hejošit	v	
heaŋgasit	v	
heajuhit	v	
gálvat	v	
gurrehit	v	
gurgásit	v	
guorastit	v	
guoiradit	v	
gottáhallat	v	
goarjidit	v	
geasašit	v	
geaigguhit	v	
geahčahit	v	
geahppudit	v	
garret	v	
garradit	v	
gardit	v	
gaikkuhit	v	
fámohuvvat	v	
firrot	v	
finansieret	v	
fielladit	v	
fidnehit	v	
fađustit	v	
earánastit	v	
eanedit	v	
ealáskuhttit	v	
ealašit	v	
eaddudit	v	
dámpet	v	
dáistalit	v	
dolvvodit	v	
dolkadit	v	
doldašuvvat	v	
doarostit	v	
doabastit	v	
dipmadit	v	
dearvvašmahttit	v	
dearvvašit	v	
dearvvasmuvvat	v	
cuovvut	v	
cummát	v	
civkkádit	v	
ceggestit	v	
bálkkodit	v	
buorrendohkkehit	v	
bođđet	v	
botnjasaddat	v	
bostalit	v	
bivdalit	v	
beškket	v	
berostit	v	
balddáhallat	v	
bahkkehit	v	
bagget	v	
albmodit	v	
čáŋadit	v	
čáhccet	v	
čusket	v	
čurtet	v	
čuojihit	v	
čuojahallat	v	
čuiket	v	
čudjosit	v	
šluppardit	v	
šlundádit	v	
šlubistit	v	
čippostit	v	
čierrat	v	
čearsát	v	
čalbmat	v	
árbevierrut	v	
válmmaštit	v	
vuoiŋŋadit	v	
veivet	v	
veahtit	v	
veahkehaddat	v	
veahkahallat	v	
valáštallansearvat	v	
sárget	v	
sálvit	v	
ságadoallat	v	
steaččagit	v	
steamput	v	
sprájjet	v	
spoahkuhit	v	
spellet	v	
sotket	v	
sorteret	v	
sorbmahuvvat	v	
skilihit	v	
skievttidit	v	
sevnnjoduvvat	v	
seargat	v	
seaggut	v	
savkkástallat	v	
salastit	v	
rávrat	v	
rátnut	v	
rássat	v	
rágádit	v	
rábidit	v	
ruvkot	v	
riibat	v	
rihpastit	v	
rastet	v	
prentehit	v	
ođđet	v	
ozadit	v	
oasttašit	v	
náláštuhttit	v	
nuskošit	v	
njámastit	v	
njuikehit	v	
njoahtat	v	
njoahcut	v	
nahkihit	v	
motiveret	v	
moldet	v	
messet	v	
mediteret	v	
lállet	v	
lábmet	v	
luottahuhttit	v	
luhččet	v	
losidit	v	
liiggástallat	v	
liggestit	v	
laddat	v	
jámihit	v	
jovssahallat	v	
johtuibidjat	v	
jeagildit	v	
japmat	v	
itnat	v	
hárvet	v	
hárbmadit	v	
hálddahit	v	
hágget	v	
hovkkiiduvvat	v	
hovkkiidit	v	
himáhallat	v	
hervvoštallat	v	
hearggástallat	v	
healbadit	v	
hahkadit	v	
gárihuhttit	v	
gákkastit	v	
gáidadit	v	
gáibmat	v	
gurpat	v	
guossalit	v	
guoktálastit	v	
gugget	v	
govddidit	v	
govdadit	v	
gorkŋodit	v	
gopmárdallat	v	
gopmohallat	v	
gonstošit	v	
geđget	v	
gevrehallat	v	
gearggehit	v	
garvvašit	v	
fámuhuhttit	v	
fáhtit	v	
fierahit	v	
feastit	v	
eretcealkit	v	
eastat	v	
easkkaálgit	v	
ealgabivdit	v	
dálostaddat	v	
dáikit	v	
duvddašit	v	
doamáhallat	v	
doalvulit	v	
divvulit	v	
dajahallat	v	
cieladit	v	
cibmut	v	
cehkket	v	
cavgilastit	v	
bárggádit	v	
buorrestit	v	
buoláskit	v	
buoidudit	v	
bovdestit	v	
botnjalit	v	
borastit	v	
boađadit	v	
bláđedit	v	
beroštuvvat	v	
beakkihit	v	
basahit	v	
barggildit	v	
balanseret	v	
bajásčuvget	v	
arvvestit	v	
arresteret	v	
adopteret	v	
administreret	v	
čájáhaddat	v	
čuoggulit	v	
čuggestit	v	
čoaskudit	v	
šlárvet	v	
čirodit	v	
čierostuddat	v	
čielggehuvvat	v	
čiekŋut	v	
čiehkalit	v	
šerret	v	
čallat	v	
šaldut	v	
ávkkohallat	v	
ávdnet	v	
ávaštit	v	
áfáiduvvat	v	
áddjáluvvat	v	
vávvát	v	
vátnat	v	
váldoovttasbargat	v	
váhččet	v	
vuostábargat	v	
vuorjahuvvat	v	
vuordilit	v	
vuoidasit	v	
virrat	v	
virgáidit	v	
villat	v	
viidudit	v	
viergat	v	
vielgát	v	
vealgáduvvat	v	
veajehit	v	
varahuvvat	v	
ujostallat	v	
sámáidahttit	v	
sámesearvat	v	
sáhtostallat	v	
sáhkket	v	
suomaiduvvat	v	
suoláduhttit	v	
sulastit	v	
stimuleret	v	
stađđat	v	
sovkalit	v	
snuhrrat	v	
skruvet	v	
skirvehallat	v	
skeaŋkut	v	
sisagohččut	v	
sihkkaruššat	v	
sendet	v	
seasttašit	v	
searvegoddit	v	
savkkuhit	v	
sarret	v	
rávkalit	v	
rámbut	v	
ráhččat	v	
ráfut	v	
ruškkodit	v	
rustet	v	
russet	v	
rullet	v	
rohttašuvvat	v	
roahkuhit	v	
roahkadit	v	
rinžžistit	v	
reklameret	v	
reiset	v	
rehkenuštit	v	
ordnestallat	v	
oađđát	v	
oađašit	v	
oassádallat	v	
oahpásnuhttit	v	
náđustit	v	
nádjat	v	
nuoskidit	v	
noaiddástallat	v	
njázudit	v	
njálggistit	v	
njuorgut	v	
njulgehit	v	
njiejahit	v	
nallát	v	
mánástallat	v	
máhcadit	v	
moriidit	v	
moddjádit	v	
misset	v	
mirkkohit	v	
mielahuddat	v	
meassat	v	
maŋidahttit	v	
lusket	v	
luoittašit	v	
luohpadit	v	
loaggát	v	
livvot	v	
leandit	v	
lasset	v	
kulturlávdegoddit	v	
kláret	v	
játnat	v	
jáhkestuvvat	v	
jáget	v	
justislávdegoddit	v	
jumihit	v	
jorggáhallat	v	
jorggehit	v	
industrialiseret	v	
illustreret	v	
ilbmanit	v	
háladit	v	
háhpohaddat	v	
hurgalit	v	
humeštit	v	
humaidit	v	
hoigadastit	v	
hoavrrestit	v	
hoaladit	v	
hejosmit	v	
heivehaddat	v	
heahtáduddat	v	
gávastallat	v	
gáskkáhallat	v	
guođildit	v	
guolddustit	v	
guohkkat	v	
guoggut	v	
gorodit	v	
gohccát	v	
goaikalit	v	
gižžudit	v	
gilisearvat	v	
giellabargat	v	
gerjjodit	v	
generálačállit	v	
gearrat	v	
garadit	v	
fallut	v	
fallet	v	
ealáhussearvat	v	
dárogielhállat	v	
dállastit	v	
duolbmalit	v	
duoggut	v	
dulmmodit	v	
dubbet	v	
dodjalit	v	
doajestit	v	
diktačállit	v	
dihkkadit	v	
digget	v	
diggegoddit	v	
deavddašit	v	
dearvvahallat	v	
deaddásit	v	
deadduhit	v	
darfet	v	
dajadit	v	
cielahallat	v	
bávkkuhit	v	
bállehit	v	
báittašit	v	
busket	v	
buotnjut	v	
buonjostit	v	
buiját	v	
botkehit	v	
bostet	v	
bohccostallat	v	
boazobargat	v	
boagustahttit	v	
birostit	v	
bihkkadit	v	
bieđđat	v	
beldet	v	
bassalit	v	
balddáskit	v	
bahččut	v	
bahudit	v	
allut	v	
alihastit	v	
čáhppahit	v	
čáhpodahttit	v	
čáhkadit	v	
čádjidit	v	
čuovggihit	v	
čuovggahit	v	
čulbmet	v	
čukkodit	v	
čorgehit	v	
čohkkedastit	v	
čohkadit	v	
čoavddašit	v	
čirrostit	v	
čilviluvvat	v	
čilgestallat	v	
čierostuvvat	v	
čeavlut	v	
čearggádit	v	
šealggáhallat	v	
čavgasit	v	
čanahit	v	
šalket	v	
ávkkástaddat	v	
áráhallat	v	
árvádaddat	v	
árvvasmit	v	
ánustit	v	
álgalit	v	
áiccalmahttit	v	
áibmat	v	
ádjásit	v	
várreságadoallat	v	
válget	v	
váldočállit	v	
váldolávdegoddit	v	
vuorrat	v	
vuorkut	v	
vuorbádallat	v	
vuolgalit	v	
vuojestit	v	
vuogihit	v	
vuhtodit	v	
virkkosmuvvat	v	
vinšet	v	
vieruiduvvat	v	
vielgut	v	
viegahallat	v	
vearáskahttit	v	
vearidit	v	
vealggáiduvvat	v	
veahttadit	v	
veahtalit	v	
veaddját	v	
unohastalit	v	
unnudit	v	
turistet	v	
trimmet	v	
sázastit	v	
sávvalit	v	
sávnnjodit	v	
sáhkohit	v	
susttašit	v	
sustit	v	
suorranit	v	
suoláduvvat	v	
suibbodit	v	
suhkkát	v	
struktureret	v	
stivraláhtut	v	
stemmet	v	
spábbačiekčat	v	
spivkket	v	
spioneret	v	
spihččet	v	
spealastit	v	
sorbmašuvvat	v	
sollet	v	
sojihit	v	
sojadit	v	
soađistit	v	
soakŋut	v	
soabbut	v	
snuohtardit	v	
snorranit	v	
snahpastit	v	
smávvet	v	
skoarrat	v	
sisačálihit	v	
sirddihit	v	
siiddastit	v	
sibirdit	v	
seniorráđđeaddit	v	
sehket	v	
seavestit	v	
sattáhallat	v	
sapmat	v	
ráđđidit	v	
ráđistit	v	
rávjut	v	
rávdejuššat	v	
ráfot	v	
rusádit	v	
rusket	v	
ruossuhit	v	
ruohtahit	v	
ruobbut	v	
rokčet	v	
roasmmohuhttit	v	
roahppánit	v	
roahkohit	v	
rišuhit	v	
rišihit	v	
rimsut	v	
revitaliseret	v	
pumpet	v	
piinnidit	v	
ovttaidit	v	
ovet	v	
ovdehit	v	
ovdandivvut	v	
orustastit	v	
ortnegisdoallat	v	
ordnahuvvat	v	
ordet	v	
olmmošgoddit	v	
ollistit	v	
ollehit	v	
oktiičatnat	v	
oktiivástidit	v	
oasistit	v	
oaivadit	v	
oainnahallat	v	
oahpásmuhttit	v	
oahpponeavvut	v	
oadjut	v	
nárrohallat	v	
nuoskut	v	
nuorasmuvvat	v	
nogihit	v	
njuolggadit	v	
njuolgadit	v	
njunnet	v	
njuikkuhit	v	
njiedjalit	v	
njalkkihit	v	
njalgat	v	
njabbet	v	
nissonlávdegoddit	v	
nirvát	v	
murddihit	v	
muittohallat	v	
movttiiduvvat	v	
molssastit	v	
molsahuvvat	v	
moivváskahttit	v	
moderniseret	v	
moaráhuvvat	v	
mihttomearrat	v	
mielváikkuhit	v	
miellagovahallat	v	
mieigát	v	
meanahuvvat	v	
láiret	v	
láigudit	v	
láhkket	v	
láddadit	v	
luottahuvvat	v	
luossabivdosearvat	v	
luohtidit	v	
luoddanaddat	v	
lobidit	v	
loaggit	v	
lihkosmuvvat	v	
lievllistit	v	
liekkadallat	v	
leiret	v	
lanjahit	v	
laktadit	v	
laigut	v	
lahttet	v	
lahpat	v	
kulturguoddit	v	
kontrolleret	v	
konfirmeret	v	
kiiket	v	
jurddaboktit	v	
juolggehuvvat	v	
jorgasit	v	
jorgaladdat	v	
joreštit	v	
jogŋet	v	
joavkudit	v	
jierástuvvat	v	
jiellut	v	
iskkahit	v	
irgidit	v	
institušunaliseret	v	
imaštaddat	v	
hávskkohallat	v	
hurgguhit	v	
humihit	v	
historjásearvat	v	
heivedit	v	
heaŋggagit	v	
heajušit	v	
heahppášuhttit	v	
hahppit	v	
gástat	v	
gárgát	v	
gárgehit	v	
gáddánit	v	
gáddjot	v	
gužžet	v	
gutnehuhttit	v	
gurrestit	v	
guolástansearvat	v	
guohcistit	v	
guohcat	v	
gožuduvvat	v	
govádit	v	
gordot	v	
golgot	v	
gohcodit	v	
goassat	v	
gišvvardit	v	
gielástallat	v	
gielddariektat	v	
gielddahallat	v	
generaliseret	v	
geahččilohkat	v	
geahpihit	v	
garvvihit	v	
garašit	v	
garastallat	v	
gantut	v	
gaifát	v	
fáŋget	v	
fárrudit	v	
fárrestit	v	
fálsket	v	
fállalit	v	
fylkkasearvat	v	
fylkkalávdegoddit	v	
fuotnánit	v	
fiinnohallat	v	
fiidnet	v	
faŋádit	v	
favoriseret	v	
eretváldit	v	
eatnánit	v	
easkaálgit	v	
eallásit	v	
dáččaluvvat	v	
dálludit	v	
dáktat	v	
duolvadit	v	
duokŋadit	v	
dulvvastit	v	
doldet	v	
dohppestallat	v	
doaivváskit	v	
divttášit	v	
dilihuddat	v	
dihtoštit	v	
dihtorlávdegoddit	v	
dietnut	v	
deavdilit	v	
deatnut	v	
dearvvasmahttit	v	
dearppastit	v	
dassalit	v	
cápmáhallat	v	
cuokŋut	v	
civkalit	v	
cirgalahttit	v	
cakkastit	v	
bážestit	v	
bálkádit	v	
bálddalastit	v	
buozadit	v	
buorádallat	v	
bunjodit	v	
buljardit	v	
buhtásmit	v	
bollát	v	
bohkit	v	
boatkanaddat	v	
boalddestit	v	
bivdiidsearvat	v	
birgestuvvat	v	
beiset	v	
beaškkuhit	v	
beaktilastit	v	
baláskit	v	
baggát	v	
attistit	v	
assut	v	
arvváskit	v	
allámeassut	v	
ahkemearrat	v	
čárvvodit	v	
čálihuvvat	v	
šuvččagit	v	
čuovggastit	v	
čuorvvuhit	v	
čuolahit	v	
čuoigansearvat	v	
čuoiganláhtut	v	
čorpmadit	v	
čollut	v	
čohkodit	v	
čohkiidit	v	
čoavddihit	v	
čoallit	v	
čoalkkuhit	v	
čoaggilit	v	
šlubbut	v	
šloavgalit	v	
šlivggihit	v	
šlimput	v	
šlaggat	v	
čirsát	v	
čieruhit	v	
šarmeret	v	
čahpat	v	
čahpalit	v	
čahkket	v	
čagalduvvat	v	
áššečuoččáldahttit	v	
áššeráhkkanit	v	
áššedovdat	v	
áŋket	v	
árvvoštit	v	
árpet	v	
álkkásmahttit	v	
álgoálbmut	v	
ággadit	v	
ábbasit	v	
vásttostit	v	
várdádallat	v	
váldosearvat	v	
váldalit	v	
váibbahit	v	
váhkkasit	v	
vuovdemassit	v	
vuovdebearráigeahččat	v	
vuollánahttit	v	
vuojádit	v	
vuoiŋŋihit	v	
vuoimmehuhttit	v	
vuoigatvuođalávdegoddit	v	
višahit	v	
visualiseret	v	
virkkosnuvvat	v	
virkkosmit	v	
virkkosmahttit	v	
vintet	v	
vildat	v	
viibmat	v	
vigihuvvat	v	
vieččahit	v	
vielladit	v	
viehkalahttit	v	
vesáluvvat	v	
vervet	v	
verjet	v	
veddot	v	
vearránahttit	v	
vearredahkat	v	
vearkat	v	
vearjjuiduvvat	v	
veanzát	v	
veahkihit	v	
varieret	v	
vanahallat	v	
vanadit	v	
tugget	v	
sávdnjut	v	
sávadit	v	
sáttagoddit	v	
sártnuhit	v	
sártnohallat	v	
sártnodit	v	
sárggodit	v	
sámiidsearvat	v	
sámiguoskat	v	
sámegielčállit	v	
syhkkelastit	v	
suossat	v	
suonjadit	v	
suolbmut	v	
suoivanastit	v	
suohpalastit	v	
sukčet	v	
stálet	v	
stužihit	v	
sturjet	v	
stihkket	v	
spulžut	v	
sprajjet	v	
spiidet	v	
sovkkástallat	v	
sotnat	v	
sollat	v	
soiccuhit	v	
sogahuhttit	v	
sodjalit	v	
soavlut	v	
snuđđut	v	
snuittet	v	
snuhkormastit	v	
smierrut	v	
skurdnját	v	
skunjihit	v	
skuldohallat	v	
skoalkkehit	v	
skihččát	v	
skihkahuddat	v	
sivttet	v	
simput	v	
sillut	v	
sihkuhit	v	
siektat	v	
siedjut	v	
shaket	v	
selehit	v	
seavdnját	v	
seastašuvvat	v	
salderet	v	
sakŋat	v	
sajáidahttit	v	
sajustit	v	
ráđđeláhtut	v	
rámšut	v	
rámohallat	v	
rájadit	v	
ráinnasboaldit	v	
ráimmahallat	v	
ráiddostallat	v	
rágget	v	
ruvvedit	v	
ruvdet	v	
rutnut	v	
russiinávlet	v	
ruovttuiduvvat	v	
ruohkadit	v	
rosvudit	v	
romášit	v	
roisket	v	
rohttedit	v	
rogádit	v	
roaŋkut	v	
roabihit	v	
riššut	v	
riŋgestallat	v	
rivguluvvat	v	
risttahit	v	
rimssagit	v	
rihpašit	v	
riekkistit	v	
reivvestallat	v	
raššut	v	
raššudit	v	
ravgehit	v	
rasset	v	
rapmaluvvat	v	
rahpastit	v	
plánenlávdegoddit	v	
oččohallat	v	
ođđasisorganiseret	v	
ovttaiduvvat	v	
ovddošit	v	
ovddosdikšut	v	
ovdanbidjat	v	
ollestuvvat	v	
olgolávdat	v	
olbmástallat	v	
ohpehit	v	
ohcanmearrat	v	
ofelaštit	v	
oavnnjistit	v	
oapmut	v	
oamastallat	v	
oakkostit	v	
oaivvadit	v	
oahppolávdegoddit	v	
oahppahuvvat	v	
oaguhallat	v	
oaggunsearvat	v	
oadjudit	v	
návehastit	v	
nállašuhttit	v	
nállat	v	
nákkáskit	v	
nuorbat	v	
nuoraidsearvat	v	
nulpet	v	
nullosit	v	
norddastit	v	
nordahuvvat	v	
noaiddástit	v	
njámmasit	v	
njáigut	v	
njuovžat	v	
njuorjobivdit	v	
njunuščiekčat	v	
njuikkohit	v	
njohcut	v	
njoamuhit	v	
njoalostit	v	
njimmat	v	
njiellalit	v	
njeaiddihit	v	
njahkat	v	
njagagit	v	
niiberáigat	v	
nievkat	v	
niejahit	v	
neavrut	v	
neastit	v	
navistit	v	
navihit	v	
nanustit	v	
nanosmit	v	
namahastit	v	
mánáiduvvat	v	
mánáidmeannut	v	
máltit	v	
mállehit	v	
máksinmearrat	v	
máizet	v	
máizadit	v	
máinnodit	v	
máhccasit	v	
máhccadit	v	
musihkasearvat	v	
murdilit	v	
muorjat	v	
muhkut	v	
molsašuhttit	v	
molet	v	
mokkirdit	v	
mohkkásaddit	v	
mobbet	v	
mirkkohuhttit	v	
mihtidahttit	v	
mielláhtut	v	
miellabuohcat	v	
miehtut	v	
meidnet	v	
meattávuodjit	v	
meatnut	v	
mearkkahit	v	
mearkašuvvat	v	
meannut	v	
meahccidit	v	
meahcceravdat	v	
meahccebargat	v	
mannalit	v	
lášmmodit	v	
láittašit	v	
lágastallat	v	
láddeluvvat	v	
luvdestit	v	
luotkanit	v	
luossabivdit	v	
lubmedit	v	
lossudit	v	
lollat	v	
lokaliseret	v	
lodjudit	v	
loatnut	v	
liđiidit	v	
livžut	v	
livdet	v	
litnut	v	
liitut	v	
lihkestahttit	v	
lihkahaddat	v	
leikestit	v	
legitimeret	v	
leaicidit	v	
leaibat	v	
leahtit	v	
leabastit	v	
lađastit	v	
lavdnjet	v	
lavdit	v	
laiget	v	
kánturbargat	v	
kustet	v	
kuohcagit	v	
kultuvralávdegoddit	v	
jávkkodahttit	v	
jámmet	v	
jámašit	v	
jámadit	v	
jursat	v	
jurdit	v	
jurddašaddat	v	
juolgat	v	
jođálmahttit	v	
jorgaleaddjiidsearvat	v	
jiekŋudit	v	
jeđđestit	v	
jamihit	v	
iskkadallat	v	
informeret	v	
indeaksareguleret	v	
illástuvvat	v	
illudallat	v	
háŋket	v	
hávdut	v	
hárčut	v	
hárret	v	
hápmánit	v	
hálddašanváldit	v	
hálbudit	v	
háiket	v	
hullat	v	
huikkihit	v	
hohpohit	v	
hohpohaddat	v	
hiddjidit	v	
hervvohallat	v	
heillodit	v	
hearidit	v	
hearddohuvvat	v	
heahtašuvvat	v	
heahkkalastit	v	
gávttástallat	v	
gárrudit	v	
gárostuvvat	v	
gálaniitit	v	
gáikkihit	v	
gáfestaladit	v	
guđodit	v	
guvhlláruššat	v	
guržet	v	
guođahallat	v	
guozahit	v	
guovzat	v	
guorbát	v	
guohpat	v	
guobbalit	v	
gullostuvvat	v	
gulaskuddanáigemearrat	v	
gulahaddat	v	
gorrat	v	
goret	v	
golggihit	v	
goivet	v	
goikkihit	v	
gohcut	v	
goađástallat	v	
goarddašit	v	
goaivvastit	v	
giđđadulvat	v	
girddáhallat	v	
gilkorastit	v	
gilget	v	
gievrrasmahttit	v	
giektat	v	
gevlet	v	
geađgejuolgat	v	
geassásit	v	
geasehallat	v	
gearreguššat	v	
gearggahit	v	
gearahit	v	
geaidut	v	
geahnohuvvat	v	
geafahuvvat	v	
gazirdit	v	
gavjaluvvat	v	
gavccádit	v	
gassut	v	
garrodallat	v	
garcestit	v	
galmmistit	v	
galmmastuvvat	v	
gaikodit	v	
gaccahit	v	
fággádallat	v	
fágabagadallat	v	
fylkkačállit	v	
fitnašuvvat	v	
fisket	v	
fikset	v	
fierpmástit	v	
fatnat	v	
fastát	v	
fastošit	v	
eretluvvet	v	
eloštit	v	
eastalit	v	
ealásmahttit	v	
ealláhit	v	
eallinahkat	v	
eahpenjuolgut	v	
eahpegudnejahttit	v	
dásseárvolávdegoddit	v	
dáláštit	v	
dáluiduvvat	v	
dálkkastit	v	
dáhkadit	v	
duđaidit	v	
duvvaluvvat	v	
dusttohallat	v	
duorggastit	v	
duhppádit	v	
duhkkat	v	
duhastit	v	
doškestit	v	
dolvvohallat	v	
dolget	v	
doamahit	v	
divodallat	v	
dispalávdegoddit	v	
dirigeret	v	
dikteret	v	
dihtoštallat	v	
dihkkat	v	
dennet	v	
dearvvašnuhttit	v	
darvit	v	
dagalduvvat	v	
cábmohallat	v	
coahkuhit	v	
cirgalit	v	
cihppošit	v	
cealkkašit	v	
ceaggádit	v	
cahkkát	v	
bázáhallat	v	
bárddestit	v	
bárddašit	v	
báládit	v	
bálkkastit	v	
bákkuhit	v	
báitilit	v	
báidnašuvvat	v	
báidnahuvvat	v	
báddadit	v	
bušehteret	v	
buvttestit	v	
bussevuodjit	v	
bussevuodjat	v	
buođđudit	v	
buoridahttit	v	
buollahit	v	
buohcciviessut	v	
bultet	v	
boŋkkihit	v	
boŋkalit	v	
bovttašit	v	
bosttahallat	v	
bostošit	v	
bolget	v	
bokset	v	
billidit	v	
bilket	v	
biilavuodjit	v	
biilavuodjat	v	
bieđáskit	v	
bieđganaddat	v	
belket	v	
basttohuvvat	v	
basttihit	v	
bassindahkat	v	
basistit	v	
basašit	v	
bargolávdegoddit	v	
banihit	v	
bahčagit	v	
bahádallat	v	
bahkkestit	v	
bahkkedit	v	
aškkastit	v	
aviisasearvat	v	
asttahit	v	
arvvosmahttit	v	
arvvahuvvat	v	
amasmuvvat	v	
alvvahuvvat	v	
almmostahttit	v	
ahttat	v	
adresseret	v	
addilit	v	
šávgalit	v	
šávdot	v	
šárihit	v	
čálástallat	v	
čállingoddit	v	
čállinbárgut	v	
čállilit	v	
čálgadit	v	
čáhppádit	v	
čáhcut	v	
čáhcegirdit	v	
čádjádallat	v	
šuđđut	v	
šuvgit	v	
čuvggiidit	v	
šuvggehit	v	
čuvgehussearvat	v	
šuvgat	v	
čuožžáladdat	v	
čuozihit	v	
čuovgát	v	
čuovggáhallat	v	
čuovggehit	v	
čuoskulit	v	
čuoldásit	v	
čuoldilit	v	
čuoladit	v	
šuokŋadahkat	v	
čuojaldahttit	v	
šuohkašit	v	
čuodjalit	v	
šuoddit	v	
čulkkihit	v	
čomastit	v	
čolgadastit	v	
čohkkestallat	v	
čohkahit	v	
čogadit	v	
šoažuhit	v	
šoavihit	v	
čoakkistit	v	
čoakkildit	v	
čoahkkinjođihangoddit	v	
šnjoarrat	v	
šnjivgalit	v	
šlávehallat	v	
šlámihit	v	
šlábirdit	v	
šlundudit	v	
šluhpat	v	
šloaŋkalit	v	
šloađastit	v	
šloavvat	v	
šloavggehit	v	
šloahtalit	v	
šloahkkalit	v	
šlivgasaddat	v	
šlieddát	v	
šleađgguhit	v	
šleaŋggehit	v	
šlahttát	v	
čitnut	v	
šilljáluvvat	v	
šieđđat	v	
čievččahit	v	
čielggasindahkat	v	
čielgeađaaddit	v	
čiekčalit	v	
čiegastit	v	
čiegardit	v	
čerggiidit	v	
čegŋet	v	
šeapmat	v	
šealgádit	v	
šealggehit	v	
čađa-mannat	v	
čavggehit	v	
časkkáhallat	v	
čallut	v	
čalggihit	v	
čalastit	v	
čaimmadit	v	
čagarduvvat	v	
áššedoallat	v	
áššebábirmearrat	v	
ávžut	v	
ávvudoallat	v	
ávkašuvvat	v	
ássut	v	
ásaiduhttit	v	
ásaidit	v	
árvvoštaddat	v	
árranit	v	
ámttamánnat	v	
áluhit	v	
állestit	v	
állanaddat	v	
állahit	v	
álgoássat	v	
ákkastaddat	v	
ájáhallat	v	
áiccalmastit	v	
áhkkuluvvat	v	
áhcahit	v	
áhcagahttit	v	
ábbudit	v	
várát	v	
várdudit	v	
válgaseaktit	v	
válganjuolggaduslávdegoddit	v	
váldoáŋgiruššat	v	
váldoruhtadoallat	v	
váldorolladoallat	v	
váldologaldallat	v	
váldobárgut	v	
váldobargobiraslávdegoddit	v	
válddáhit	v	
válddehuvvat	v	
vákšostit	v	
váiludit	v	
váddut	v	
vuođđudallat	v	
vuovnnastallat	v	
vuovdiluvvat	v	
vuovdečuohppat	v	
vuovdduštit	v	
vuosttaščállit	v	
vuostenákkáhallat	v	
vuorrástuhttit	v	
vuolábealdat	v	
vuollálastit	v	
vuollut	v	
vuollevuovdit	v	
vuoksut	v	
vuojaldahttit	v	
vuoigatvuođasearvat	v	
vuoigatvuođarahčat	v	
vuoigadit	v	
vuoiddastit	v	
vuohčit	v	
vuodnabivdit	v	
vuodjinlobilávdegoddit	v	
vuodjansearvat	v	
vuhttodit	v	
vovdnet	v	
vižardit	v	
vistejorrat	v	
vilput	v	
vilddáskit	v	
viissástallat	v	
viidásitdoalvut	v	
viidásetbuvttadit	v	
vihttánit	v	
vietnat	v	
viessobearráigeahččat	v	
vellehit	v	
veažirdit	v	
veastit	v	
vearuiduhttit	v	
vearreoahpahallat	v	
vearraluovvat	v	
vearjudit	v	
vearistit	v	
vealčalahttit	v	
vealuhit	v	
veaisidit	v	
veahttat	v	
veahkkeneavvut	v	
veagahuvvat	v	
vaŋuhit	v	
vatnasit	v	
varastit	v	
varasmit	v	
vanahaddat	v	
vallut	v	
valljut	v	
vallet	v	
urdit	v	
universitehtabuohcciviessut	v	
ulbmáluššat	v	
uhcášit	v	
turistadiehtojuohkit	v	
tullet	v	
teáhteráŋgiruššat	v	
teáhtervistit	v	
sáđđat	v	
sávdnut	v	
sátneguoddit	v	
sámisearvat	v	
sámeviessut	v	
sámeráđđeaddit	v	
sámeriektat	v	
sámekonsuleanttaviggat	v	
sákkastit	v	
sáiggagit	v	
sáiganit	v	
sáhttot	v	
sáhkuhit	v	
sáhkadoallat	v	
sággut	v	
sággalit	v	
suttadit	v	
suruhuvvat	v	
surret	v	
surgit	v	
suovvut	v	
suovrut	v	
suovastuvvat	v	
suoskkastit	v	
suorggidit	v	
suoládahttit	v	
suollefievrridit	v	
suoksat	v	
suoivvanastit	v	
suoidnut	v	
suohtastaddat	v	
suohkanruhtadoallat	v	
stáđásmuvvat	v	
stáđásmahttit	v	
státnat	v	
stánžet	v	
stándet	v	
stáhtadiehtit	v	
stužaidit	v	
stulččihit	v	
stuibmedahkat	v	
studeantasearvat	v	
strukturlávdegoddit	v	
strevet	v	
storret	v	
stohkkat	v	
stoaluhit	v	
stoalpát	v	
stirdudit	v	
stiivut	v	
stežžet	v	
steavžut	v	
stađuhuvvat	v	
spáret	v	
spánderet	v	
spáhkkalastit	v	
spábbačiekčansearvat	v	
spiilet	v	
spihket	v	
spesiáliseret	v	
spellemánnat	v	
spellemannat	v	
spažaidit	v	
sparkit	v	
spargalit	v	
spaggat	v	
sovlet	v	
sosialismadoarjut	v	
sollašuvvat	v	
soicát	v	
soicit	v	
soiccistit	v	
sogŋostallat	v	
sogahuvvat	v	
soažžudit	v	
soatkat	v	
soardidit	v	
soardahuvvat	v	
soaimmahallat	v	
soaiggihit	v	
soahpadit	v	
soabahallat	v	
snuolggistit	v	
snuolggidit	v	
smuhččát	v	
smiehtahit	v	
skážastit	v	
skártut	v	
skárrat	v	
skánnet	v	
skálkošit	v	
skuvvat	v	
skuvlavistit	v	
skurvvagit	v	
skuožurdit	v	
skuhppet	v	
skuhmirdit	v	
skoret	v	
skohttet	v	
skohtervuodjit	v	
skohtervuodjat	v	
skohtergilvvohallat	v	
skoavhllahastit	v	
skoahpat	v	
skirvanit	v	
skillalahttit	v	
skihtardit	v	
skierpmádit	v	
skearrustit	v	
skallet	v	
sirdahuvvat	v	
sildit	v	
silbavuoitit	v	
silbarávdat	v	
silbaladdat	v	
siidospeallat	v	
sihkodit	v	
sieđgavuovdit	v	
sierranastit	v	
sierraluvvat	v	
siedjudit	v	
sibildit	v	
seđohallat	v	
servodatguoskat	v	
servodatdutkat	v	
seniordutkat	v	
seilet	v	
seađđut	v	
seavnnjašit	v	
searatčiekčat	v	
seanadit	v	
seaivvádit	v	
seaibut	v	
seahtit	v	
seaggudit	v	
seabbát	v	
seabbat	v	
saŋgat	v	
savnnjáhallat	v	
sallet	v	
sahkanahttit	v	
sagahit	v	
sabetvuoidat	v	
ráđđádallanlávdegoddit	v	
rážžet	v	
ráđđenváldit	v	
ráŋgut	v	
rávžat	v	
ráttástuvvat	v	
rásset	v	
rámškkuhit	v	
rámškkodit	v	
rámmet	v	
ráimmahaddat	v	
ráhkistuvvat	v	
ráhkadallat	v	
ráhkadaddat	v	
rággát	v	
rággut	v	
ráfikorpsaoasseváldit	v	
ráfidoallat	v	
ráfibargat	v	
ráfehuvvat	v	
ráddeaddit	v	
ruččagit	v	
ruskestit	v	
ruoškkihit	v	
ruoškkehit	v	
ruožihit	v	
ruovttubuohccidikšut	v	
ruovddástuvvat	v	
ruossastahttit	v	
ruoksát	v	
ruohttut	v	
ruohtastuvvat	v	
ruohtasmuvvat	v	
ruodjadit	v	
runzet	v	
ruhtajuollut	v	
rohttahuvvat	v	
roggašuvvat	v	
rockenástat	v	
rockadiellat	v	
roađđát	v	
roaškkuhit	v	
roasmmuhuhttit	v	
roahkkasaddat	v	
roahkasmahttit	v	
roahcat	v	
riđđudit	v	
riškkuhit	v	
rinčut	v	
riitát	v	
riikkačiekčat	v	
riikkaseavvit	v	
riikajoavkku-čiekčat	v	
riidobohcciideadjit	v	
riežádit	v	
rievssatbivdit	v	
rievdadandáhttut	v	
rieibmudit	v	
riehkkat	v	
riddoorrut	v	
riddogeahččat	v	
restot	v	
ressursalávdegoddit	v	
reporteret	v	
rekommenderet	v	
reivečállit	v	
regionaliseret	v	
reavgut	v	
reavggádit	v	
reabbábivdit	v	
ražahit	v	
ravkkuhit	v	
ravkalit	v	
ravdat	v	
rasildit	v	
ramput	v	
ragahit	v	
rabbat	v	
rabasdoallat	v	
rabaidit	v	
pásset	v	
pántet	v	
prošeaktamielbargat	v	
prošeaktabargat	v	
ođastuhttit	v	
ođasnuvvat	v	
ođasnuovvut	v	
ozonráigat	v	
ovttageardánahttit	v	
ovddidanváldolávdegoddit	v	
ovddalgihtiimáksit	v	
ovdavázzit	v	
ovdagiitit	v	
orustuvvat	v	
orrunvistit	v	
orrostit	v	
orostaddat	v	
opponeret	v	
omardit	v	
olmmáiduvvat	v	
olmmošvuoigatvuođalávdegoddit	v	
olmmošvierrut	v	
ollesáiggebargat	v	
ollahuvvat	v	
ollahuhttit	v	
olgovistit	v	
olgodit	v	
olgodaddat	v	
oldet	v	
oktiisuddat	v	
oktasašbárgut	v	
oktasašbargat	v	
oasussearvat	v	
oastáladdat	v	
oasseruhtadit	v	
oaiváduvvat	v	
oaivvehuvvat	v	
oahpporáđđeaddit	v	
oahponeavvováilut	v	
oahpahusovttastahttit	v	
oahpahusneavvut	v	
oahpahaddat	v	
oagguidsearvat	v	
náđđadit	v	
náđodit	v	
návccaiduvvat	v	
nállašuvvat	v	
nájadit	v	
náitalanbárragoddit	v	
nuoraidčállit	v	
nuoraidbargat	v	
nummirastit	v	
nummarastit	v	
nuktalit	v	
nordašuvvat	v	
nogahit	v	
noađuštit	v	
noarvat	v	
njárbut	v	
njárbbodit	v	
njámmastit	v	
njálmmardit	v	
njálbmeláddenbissut	v	
njuvddestit	v	
njurdot	v	
njuovvanvistit	v	
njuorradit	v	
njuolggašit	v	
njuolgahit	v	
njuolastit	v	
njuoggát	v	
njunnádit	v	
njulčet	v	
njulláhallat	v	
njullihit	v	
njuikestit	v	
njuhttet	v	
njolodit	v	
njolggiidit	v	
njolgalit	v	
njoaidut	v	
njieládit	v	
njiellasit	v	
njieladit	v	
njeazzut	v	
njeareveadjit	v	
njeaidalit	v	
njađđásit	v	
njaŋggihit	v	
njammásit	v	
njammasit	v	
njamadit	v	
njaláhastalit	v	
njalppehit	v	
njallut	v	
njalkasit	v	
njalggihit	v	
njalddestit	v	
njahkalit	v	
nisádit	v	
nissongirječállit	v	
nirvet	v	
nirppagit	v	
niitit	v	
niiberávdat	v	
nihlistit	v	
neavzut	v	
nargit	v	
nannut	v	
nammasuvvat	v	
namadahkat	v	
naffát	v	
mášiidnet	v	
mášastuvvat	v	
máttahit	v	
márskkilduvvat	v	
márret	v	
márkanlávdegoddit	v	
márihit	v	
mánástaddat	v	
mánáidfilbmabargat	v	
mánidit	v	
málesguossat	v	
máladit	v	
máilmmisearvat	v	
máhkkot	v	
musihkkaárvvoštallat	v	
musihkkalávdegoddit	v	
muossánit	v	
muoládit	v	
muohtaskohtervuodjit	v	
muohtaskohtervuodjat	v	
munnet	v	
mulggádit	v	
muddedallat	v	
movet	v	
morranit	v	
monnut	v	
molsasit	v	
mokkárdallat	v	
moivváidahttit	v	
mohtut	v	
mohkohaddat	v	
moarránit	v	
moalkut	v	
misttahallat	v	
mirkoluvvat	v	
minerálaohcat	v	
mihtomearrat	v	
mievžžastit	v	
mievžat	v	
mieskadit	v	
mieldesbuktit	v	
meroštaddat	v	
merkehit	v	
meađaldit	v	
mearraresursalávdegoddit	v	
mearra-eallit	v	
mearkkašuhttit	v	
mearkadit	v	
meahttit	v	
meahcceeallit	v	
lášmmodahttit	v	
láđet	v	
lávvet	v	
lávostaddat	v	
lávdebargat	v	
lávddestit	v	
láikut	v	
láibedahkat	v	
láhpadit	v	
láhkkodit	v	
láhkavuođđudit	v	
láhkaráđđeaddit	v	
láhkarihkkut	v	
láhkariektat	v	
láhkadovdat	v	
láhkaaddit	v	
lágamánniriektat	v	
lágamánneriektat	v	
lágamánnat	v	
luđet	v	
luvdnját	v	
luođobargat	v	
luovdit	v	
luossanállat	v	
luossagilvit	v	
luossadihkkat	v	
luoikkahallat	v	
luoikkahaddat	v	
luoikalit	v	
luohkat	v	
lummet	v	
lulidit	v	
ložžedit	v	
lovsset	v	
lovset	v	
lovppet	v	
lotkkodit	v	
lonehit	v	
loktut	v	
loikadit	v	
lohpádaddat	v	
lohkomearrat	v	
loggásit	v	
logaldit	v	
loaččihit	v	
loažžadit	v	
loavkkistit	v	
loaitut	v	
livvudit	v	
litnudit	v	
lisistit	v	
linohallat	v	
lillut	v	
liiset	v	
liikodit	v	
liigut	v	
lihkkohit	v	
liekkistit	v	
leŋgestit	v	
leukemiijabuohcat	v	
legget	v	
leansmánnimánnat	v	
lastet	v	
lassut	v	
lapmudit	v	
lahtošaldat	v	
laggat	v	
ladnjestit	v	
ladnjedallat	v	
káfevuoššat	v	
kursaoassálastit	v	
kulturvistit	v	
kulturprográmmalávdegoddit	v	
kulturguoddinbárgut	v	
kulturbargat	v	
komponisttaidsearvat	v	
klientiseret	v	
kevret	v	
kanaliseret	v	
jávvot	v	
jápmásit	v	
juvlet	v	
justisčállingoddit	v	
juskalit	v	
juonastit	v	
juoiggastallat	v	
juoiganvuoigit	v	
jođálmuvvat	v	
jođihuvvat	v	
jovret	v	
journalisttasearvat	v	
jorggastit	v	
jorgaleddjiidsearvat	v	
jorgalastit	v	
jorbát	v	
jorahaddat	v	
johttáhit	v	
joatkkaskuvllaoahppat	v	
jietnaguoddit	v	
jierpmehuvvat	v	
jieppadit	v	
jienastanriektat	v	
jiellahallat	v	
jeagilduvvat	v	
jarihit	v	
jaggit	v	
jabbut	v	
ivdnenbissut	v	
irrut	v	
institušuvdnaluvvat	v	
imástallat	v	
importalávdegoddit	v	
imaštuvvat	v	
ilosmuvvat	v	
háskkidit	v	
hárčát	v	
hárčet	v	
hápmašuvvat	v	
hánohallat	v	
hámuhit	v	
hámssádit	v	
hálddahusbargat	v	
hálbbedit	v	
hágganit	v	
hypnotiseret	v	
hurrat	v	
huoikit	v	
hujustallat	v	
hujostallat	v	
huilát	v	
huiggirdit	v	
huhpat	v	
hoteallabargat	v	
holvvodit	v	
holbat	v	
hoitát	v	
hoiggadit	v	
hoaktit	v	
hivvehit	v	
hitnardit	v	
hirrát	v	
hirpmahit	v	
hilggodit	v	
hilbbohallat	v	
hilaštit	v	
hiehpat	v	
hervvošit	v	
heaŋggastit	v	
heastavuodjit	v	
heastavuodjat	v	
hearvvahit	v	
heargevuodjit	v	
heargevuodjat	v	
heakkahit	v	
heahtáduvvat	v	
heahppášit	v	
heahppašuhttit	v	
hassat	v	
harihit	v	
gávpotássat	v	
gávpejohtit	v	
gávpebargat	v	
gávgit	v	
gáttidit	v	
gásttašahttit	v	
gárrenmirkovuovdit	v	
gárggiidit	v	
gárgedit	v	
gárganit	v	
gámadit	v	
gálvomearrat	v	
gálljut	v	
gállet	v	
gáhčadit	v	
gádjat	v	
guštet	v	
guđaidit	v	
gurutbealravdat	v	
gurggiidit	v	
gurggihit	v	
gurdit	v	
guppistit	v	
gupmat	v	
guođihit	v	
guovttálduvvat	v	
guovttádastit	v	
guovssahastit	v	
guovloráfáiduhttináššat	v	
guovgát	v	
guosseoahppat	v	
guopmat	v	
guollesearvat	v	
guoimmástallat	v	
guoikkihit	v	
guohppudit	v	
guohcagahttit	v	
guoggarastit	v	
gumppustit	v	
gumpegoddit	v	
gullansearvat	v	
gulastallat	v	
guhlardit	v	
grillet	v	
govvát	v	
govvagođđit	v	
govvagođđat	v	
govdadeabbut	v	
gottihit	v	
gosahit	v	
gorket	v	
gorgŋehit	v	
gordnet	v	
gomuhit	v	
gollegoaivut	v	
golggodit	v	
golfaáŋgiruššat	v	
golfasearvat	v	
goksot	v	
goistet	v	
goiget	v	
goddiluvvat	v	
goavrát	v	
goavrut	v	
goavkkuhit	v	
goasttedit	v	
goassut	v	
goarkŋohit	v	
goargŋulit	v	
goarbmulit	v	
goalkkuhit	v	
goaikkuhit	v	
goabagit	v	
giđaiduvvat	v	
gizzulit	v	
givrut	v	
girtat	v	
girdnet	v	
gilvvagárdesearvat	v	
gillestuvvat	v	
giliviessut	v	
giktot	v	
giktašuvvat	v	
giksahuvvat	v	
gikcut	v	
gihládit	v	
gievvut	v	
gievrrastallat	v	
giessát	v	
giessasit	v	
gierddastuvvat	v	
giellamielbargat	v	
giellalávgut	v	
gielladutkat	v	
gielladorvočállit	v	
gielddašit	v	
gielddavistit	v	
gielahuvvat	v	
generalčállit	v	
generalallagohcit	v	
gednet	v	
geažádallat	v	
geassastit	v	
geasihit	v	
geasahallat	v	
gearrát	v	
geargadit	v	
gearddahit	v	
geainnohuvvat	v	
geaidnobargat	v	
geahpadallat	v	
geahnuhuvvat	v	
gavistit	v	
gavdnjaluvvat	v	
gasttihit	v	
gaskkašit	v	
gaskadáktat	v	
garihit	v	
gardnjilastit	v	
garastaddat	v	
galljut	v	
galkadit	v	
galbmodit	v	
gakcet	v	
gaidnat	v	
gahppat	v	
fávrrosmit	v	
fástabargat	v	
fáruhit	v	
fárrestallat	v	
fápmuibidjat	v	
fámostallat	v	
fáippodit	v	
fáippastit	v	
fáhtehaddat	v	
fágasearvat	v	
fágalávdegoddit	v	
fylkasuohkanbuohcat	v	
fuomihit	v	
fuoikit	v	
friddjandahkat	v	
fitnooahppat	v	
fiskkodit	v	
firret	v	
fillehaddat	v	
fiinnohaladit	v	
fiidnudit	v	
fierradit	v	
fidnašuvvat	v	
festiválaoasálastit	v	
ferget	v	
feillet	v	
feilet	v	
fearánastit	v	
faŋkát	v	
faŋaldahttit	v	
fatnalahttit	v	
fastut	v	
falástallansearvat	v	
fakŋalit	v	
fakkastit	v	
erenoamášráđđeaddit	v	
energiijaseastit	v	
elliidgáhttejeaddjisearvat	v	
elefántabissut	v	
eaškáluvvat	v	
eatnehit	v	
eardudit	v	
eanadoallosearvat	v	
eanadoallat	v	
eaminállat	v	
ealáhusčállit	v	
ealáhuslávdegoddit	v	
ealáhusguoskat	v	
ealvit	v	
ealvat	v	
ealganállat	v	
ealgabeanasearvat	v	
eaidadit	v	
eahpeođasmahttit	v	
eahpenjuolgat	v	
eahpedássádit	v	
eadjit	v	
dávgebivdiidsearvat	v	
dáruidahttit	v	
dárogielčállit	v	
dárbbošuvvat	v	
dánsunjuolgat	v	
dámadit	v	
dálkut	v	
dáiddasearvat	v	
dáiddaoahppat	v	
dáibat	v	
dáhpehallat	v	
dábálašmearrat	v	
dušket	v	
duvret	v	
duvkkiidit	v	
duvdašuvvat	v	
duvdahuvvat	v	
dusttodit	v	
duskidit	v	
duovlut	v	
duolvačáhceloahkkit	v	
duolmmahaddat	v	
duolbat	v	
duohpašuvvat	v	
duohpalit	v	
duogábealdat	v	
duodjesearvat	v	
duodjeoahppat	v	
duodjebagadallat	v	
duobahallat	v	
dulvváskit	v	
dulmmohallat	v	
dullet	v	
dulket	v	
dulbestit	v	
dukset	v	
duippidit	v	
duhkaraddat	v	
dubmehaddat	v	
drošševuodjit	v	
drošševuodjat	v	
dovssástahttit	v	
dovddusindahkat	v	
dorvádit	v	
dorohallat	v	
dorjjodit	v	
dolkkástuvvat	v	
dolgestággobivdit	v	
dokŋat	v	
doibmiibidjat	v	
dobbut	v	
doaškit	v	
doavttersearvat	v	
doaráskit	v	
doarostuvvat	v	
doarjjuhit	v	
doarjjaovttasbargat	v	
doalvesearvat	v	
doaibmasearvat	v	
doaibat	v	
doadjalit	v	
diškkuhit	v	
diškasit	v	
diškalit	v	
divššuhit	v	
divvašuvvat	v	
divret	v	
diraidit	v	
dimistit	v	
dillet	v	
dilddistit	v	
dihtorastit	v	
dihkket	v	
dievvaguoddit	v	
diehtojuohkinbargat	v	
dibmet	v	
deađvasit	v	
deavdnat	v	
dearšát	v	
dearvvašvuođalávdegoddit	v	
dearvvasvuođasearvat	v	
dearvvasvuohtabargat	v	
dearvvasnuvvat	v	
dearvvahaddat	v	
dearahit	v	
deallut	v	
deaivvahaddat	v	
deaivvadallat	v	
deaivvadaddat	v	
deahtistit	v	
daškanit	v	
davidit	v	
dasadit	v	
darvánaddat	v	
dahkalit	v	
dagahallat	v	
cáhkit	v	
cábastit	v	
cábahit	v	
cuvccastit	v	
cuskkihit	v	
curbmet	v	
cuoŋudit	v	
cuozzut	v	
cullát	v	
cuhcit	v	
coahkehit	v	
cizašit	v	
civkkašit	v	
civccuhit	v	
cissahit	v	
cissadit	v	
cikcasit	v	
cihrrat	v	
cieládit	v	
chartergirdit	v	
cealkkestit	v	
ceakkastit	v	
ceaggahit	v	
ceaggadit	v	
cavgit	v	
caggasit	v	
báđđat	v	
báŋadit	v	
bávkaladdat	v	
bártádaddat	v	
bárttáskit	v	
bártiidit	v	
bárragoddit	v	
bállahastit	v	
bálkášuvvat	v	
bálkásuovvut	v	
bálkásuovvat	v	
bálkulit	v	
bálgalit	v	
bákčat	v	
bákkohit	v	
báikenammadovdat	v	
báikegoddit	v	
báikebivdit	v	
báhtarahttit	v	
báhtaraddat	v	
báhcilit	v	
báhcahallat	v	
bággobárgut	v	
bággestallat	v	
bádjat	v	
bábirdit	v	
buškkehit	v	
buđaldahttit	v	
buvvánaddat	v	
buvttadusbargat	v	
buvdavistit	v	
busildit	v	
burgilit	v	
buođđulit	v	
buođuhit	v	
buovččadallat	v	
buorástallat	v	
buolvvastit	v	
buohtastuvvat	v	
buohccáhit	v	
buohccádit	v	
buohccindieđihit	v	
buohccedikšut	v	
buoguiduvvat	v	
bumbet	v	
bulljarastit	v	
buletiijaváldit	v	
buibmat	v	
božihit	v	
bozostallat	v	
bovrret	v	
botnjalastit	v	
botkkistit	v	
botkestit	v	
bostohallat	v	
bossulit	v	
borššuhit	v	
borššodit	v	
borggohallat	v	
borget	v	
bordilit	v	
bonjagit	v	
bommehit	v	
boltasaddat	v	
boktilit	v	
bohčásit	v	
bohttehit	v	
bodnját	v	
boazodoallooahpahallat	v	
boazodoalloguoskat	v	
boatkut	v	
boaresbárdnat	v	
boalddašit	v	
boalbálastit	v	
blogget	v	
biškkádit	v	
biđgehit	v	
biđgedit	v	
bivttasgoarrut	v	
bivttasdahkat	v	
bivddestit	v	
bissostallat	v	
birasgáhttenčállit	v	
birasbargat	v	
bilkáruššat	v	
bildaveadjit	v	
biktit	v	
biktalit	v	
biibaljáhkkit	v	
bievlladit	v	
bievladit	v	
biebmogálvat	v	
bidjalastit	v	
bentet	v	
beljohastit	v	
beavttálmuvvat	v	
bealljat	v	
bealljadit	v	
bealkkihit	v	
beaivemearrat	v	
beaitit	v	
beahtahaddat	v	
beahcegeallit	v	
beahcegeallat	v	
beafihuvvat	v	
bažistit	v	
baskkidit	v	
basihit	v	
basastit	v	
bargomášinvuodjit	v	
bargomášinvuodjat	v	
bargolávdigoddit	v	
bargohárjehallat	v	
barggastit	v	
barggastallat	v	
banašit	v	
bajásráhkadahttit	v	
baikkihit	v	
bahčásit	v	
badjelduolbmat	v	
azihit	v	
avvit	v	
attihit	v	
asehuvvat	v	
asehuhttit	v	
arvát	v	
arvvástallat	v	
arvaluvvat	v	
arvaluovvat	v	
appelleret	v	
análduvvat	v	
anistuvvat	v	
anihahttit	v	
almmostuvvat	v	
almmaiduvvat	v	
allagirdit	v	
albmenahkat	v	
albmanit	v	
albbasdutkat	v	
ahccát	v	
agáiduvvat	v	
abortavuostálastit	v	
